Timestamp,TrafficCount
2020-01-20 00:00:00,4870.0
2020-01-20 00:30:00,3850.0
2020-01-20 01:30:00,2690.0
2020-01-20 02:30:00,5170.0
2020-01-20 03:30:00,1290.0
2020-01-20 04:30:00,2780.0
2020-01-20 05:30:00,4350.0
2020-01-20 06:30:00,2770.0
2020-01-20 07:30:00,10820.0
2020-01-20 08:30:00,34320.0
2020-01-20 09:30:00,74460.0
2020-01-20 10:30:00,104340.0
2020-01-20 11:30:00,118250.0
2020-01-20 12:30:00,85640.0
2020-01-20 13:30:00,115940.0
2020-01-20 14:30:00,100350.0
2020-01-20 15:30:00,76570.0
2020-01-20 16:30:00,61830.0
2020-01-20 17:30:00,48760.0
2020-01-20 18:30:00,40490.0
2020-01-20 19:30:00,23380.0
2020-01-20 20:30:00,11600.0
2020-01-20 21:30:00,13980.0
2020-01-20 22:30:00,6330.0
2020-01-20 23:30:00,2630.0
2020-01-21 00:30:00,2610.0
2020-01-21 01:30:00,2560.0
2020-01-21 02:30:00,2810.0
2020-01-21 03:30:00,3380.0
2020-01-21 04:30:00,2630.0
2020-01-21 05:30:00,6170.0
2020-01-21 06:30:00,5570.0
2020-01-21 07:30:00,26730.0
2020-01-21 08:30:00,80020.0
2020-01-21 09:30:00,161280.0
2020-01-21 10:30:00,249050.0
2020-01-21 11:30:00,349590.0
2020-01-21 12:30:00,287820.0
2020-01-21 13:30:00,301710.0
2020-01-21 14:30:00,277250.0
2020-01-21 15:30:00,240820.0
2020-01-21 16:30:00,194870.0
2020-01-21 17:30:00,160540.0
2020-01-21 18:30:00,121940.0
2020-01-21 19:30:00,90770.0
2020-01-21 20:30:00,49190.0
2020-01-21 21:30:00,38260.0
2020-01-21 22:30:00,10870.0
2020-01-21 23:30:00,8770.0
2020-01-22 00:30:00,3810.0
2020-01-22 01:30:00,2090.0
2020-01-22 02:30:00,1960.0
2020-01-22 03:30:00,3650.0
2020-01-22 04:30:00,3000.0
2020-01-22 05:30:00,2780.0
2020-01-22 06:30:00,8240.0
2020-01-22 07:30:00,31640.0
2020-01-22 08:30:00,76740.0
2020-01-22 09:30:00,168210.0
2020-01-22 10:30:00,380160.0
2020-01-22 11:30:00,524050.0
2020-01-22 12:30:00,425220.0
2020-01-22 13:30:00,478630.0
2020-01-22 14:30:00,568750.0
2020-01-22 15:30:00,559510.0
2020-01-22 16:30:00,448570.0
2020-01-22 17:30:00,337340.0
2020-01-22 18:30:00,210050.0
2020-01-22 19:30:00,135420.0
2020-01-22 20:30:00,81560.0
2020-01-22 21:30:00,58300.0
2020-01-22 22:30:00,11080.0
2020-01-22 23:30:00,4650.0
2020-01-23 00:30:00,7000.0
2020-01-23 01:30:00,6570.0
2020-01-23 02:30:00,2910.0
2020-01-23 03:30:00,2710.0
2020-01-23 04:30:00,1370.0
2020-01-23 05:30:00,7050.0
2020-01-23 06:30:00,7110.0
2020-01-23 07:30:00,45400.0
2020-01-23 08:30:00,123310.0
2020-01-23 09:30:00,272800.0
2020-01-23 10:30:00,428040.0
2020-01-23 11:30:00,700220.0
2020-01-23 12:30:00,364960.0
2020-01-23 13:30:00,402850.0
2020-01-23 14:30:00,536600.0
2020-01-23 15:30:00,380650.0
2020-01-23 16:30:00,279220.0
2020-01-23 17:30:00,207500.0
2020-01-23 18:30:00,182260.0
2020-01-23 19:30:00,157380.0
2020-01-23 20:30:00,103110.0
2020-01-23 21:30:00,40850.0
2020-01-23 22:30:00,22900.0
2020-01-23 23:30:00,16500.0
2020-01-24 00:30:00,14520.0
2020-01-24 01:30:00,15500.0
2020-01-24 02:30:00,6140.0
2020-01-24 03:30:00,4800.0
2020-01-24 04:30:00,7900.0
2020-01-24 05:30:00,12960.0
2020-01-24 06:30:00,16730.0
2020-01-24 07:30:00,39890.0
2020-01-24 08:30:00,106330.0
2020-01-24 09:30:00,283510.0
2020-01-24 10:30:00,458470.0
2020-01-24 11:30:00,508830.0
2020-01-24 12:30:00,164920.0
2020-01-24 13:30:00,135660.0
2020-01-24 14:30:00,147500.0
2020-01-24 15:30:00,121370.0
2020-01-24 16:30:00,100180.0
2020-01-24 17:30:00,87210.0
2020-01-24 18:30:00,72110.0
2020-01-24 19:30:00,40980.0
2020-01-24 20:30:00,21570.0
2020-01-24 21:30:00,11790.0
2020-01-24 22:30:00,9570.0
2020-01-24 23:30:00,7350.0
2020-01-25 00:30:00,2730.0
2020-01-25 01:30:00,750.0
2020-01-25 02:30:00,1930.0
2020-01-25 03:30:00,260.0
2020-01-25 04:30:00,530.0
2020-01-25 05:30:00,1560.0
2020-01-25 06:30:00,980.0
2020-01-25 07:30:00,2910.0
2020-01-25 08:30:00,2920.0
2020-01-25 09:30:00,10200.0
2020-01-25 10:30:00,11550.0
2020-01-25 11:30:00,13480.0
2020-01-25 12:30:00,14840.0
2020-01-25 13:30:00,7700.0
2020-01-25 14:30:00,10520.0
2020-01-25 15:30:00,9900.0
2020-01-25 16:30:00,7300.0
2020-01-25 17:30:00,11050.0
2020-01-25 18:30:00,9830.0
2020-01-25 19:30:00,6450.0
2020-01-25 20:30:00,10380.0
2020-01-25 21:30:00,11630.0
2020-01-25 22:30:00,780.0
2020-01-25 23:30:00,2120.0
2020-01-26 00:30:00,400.0
2020-01-26 01:30:00,240.0
2020-01-26 02:30:00,220.0
2020-01-26 03:30:00,740.0
2020-01-26 04:30:00,260.0
2020-01-26 05:30:00,1860.0
2020-01-26 06:30:00,420.0
2020-01-26 07:30:00,1590.0
2020-01-26 08:30:00,380.0
2020-01-26 09:30:00,1370.0
2020-01-26 10:30:00,2830.0
2020-01-26 11:30:00,1740.0
2020-01-26 12:30:00,2790.0
2020-01-26 13:30:00,1060.0
2020-01-26 14:30:00,2810.0
2020-01-26 15:30:00,2200.0
2020-01-26 16:30:00,2470.0
2020-01-26 17:30:00,2730.0
2020-01-26 18:30:00,3120.0
2020-01-26 19:30:00,3780.0
2020-01-26 20:30:00,3910.0
2020-01-26 21:30:00,5850.0
2020-01-26 22:30:00,10920.0
2020-01-26 23:30:00,5910.0
2020-01-27 00:00:00,5910.0
2020-01-27 00:30:00,1770.0
2020-01-27 01:30:00,540.0
2020-01-27 02:30:00,6300.0
2020-01-27 03:30:00,1040.0
2020-01-27 04:30:00,2290.0
2020-01-27 05:30:00,6040.0
2020-01-27 06:30:00,4590.0
2020-01-27 07:30:00,12010.0
2020-01-27 08:30:00,49290.0
2020-01-27 09:30:00,105750.0
2020-01-27 10:30:00,192260.0
2020-01-27 11:30:00,223540.0
2020-01-27 12:30:00,129630.0
2020-01-27 13:30:00,188820.0
2020-01-27 14:30:00,189780.0
2020-01-27 15:30:00,145000.0
2020-01-27 16:30:00,127470.0
2020-01-27 17:30:00,80000.0
2020-01-27 18:30:00,57480.0
2020-01-27 19:30:00,38640.0
2020-01-27 20:30:00,23330.0
2020-01-27 21:30:00,16710.0
2020-01-27 22:30:00,10620.0
2020-01-27 23:30:00,7300.0
2020-01-28 00:30:00,2870.0
2020-01-28 01:30:00,5860.0
2020-01-28 02:30:00,2590.0
2020-01-28 03:30:00,1000.0
2020-01-28 04:30:00,420.0
2020-01-28 05:30:00,4160.0
2020-01-28 06:30:00,5080.0
2020-01-28 07:30:00,37150.0
2020-01-28 08:30:00,115690.0
2020-01-28 09:30:00,328120.0
2020-01-28 10:30:00,579120.0
2020-01-28 11:30:00,579200.0
2020-01-28 12:30:00,367530.0
2020-01-28 13:30:00,363320.0
2020-01-28 14:30:00,677090.0
2020-01-28 15:30:00,533260.0
2020-01-28 16:30:00,289770.0
2020-01-28 17:30:00,213620.0
2020-01-28 18:30:00,132040.0
2020-01-28 19:30:00,72710.0
2020-01-28 20:30:00,54120.0
2020-01-28 21:30:00,33660.0
2020-01-28 22:30:00,24180.0
2020-01-28 23:30:00,15980.0
2020-01-29 00:30:00,7510.0
2020-01-29 01:30:00,3010.0
2020-01-29 02:30:00,4000.0
2020-01-29 03:30:00,2630.0
2020-01-29 04:30:00,6400.0
2020-01-29 05:30:00,7890.0
2020-01-29 06:30:00,9020.0
2020-01-29 07:30:00,30800.0
2020-01-29 08:30:00,75480.0
2020-01-29 09:30:00,163240.0
2020-01-29 10:30:00,277620.0
2020-01-29 11:30:00,373820.0
2020-01-29 12:30:00,289170.0
2020-01-29 13:30:00,338510.0
2020-01-29 14:30:00,391300.0
2020-01-29 15:30:00,301290.0
2020-01-29 16:30:00,286050.0
2020-01-29 17:30:00,212110.0
2020-01-29 18:30:00,146280.0
2020-01-29 19:30:00,78090.0
2020-01-29 20:30:00,51290.0
2020-01-29 21:30:00,58410.0
2020-01-29 22:30:00,27390.0
2020-01-29 23:30:00,11680.0
2020-01-30 00:30:00,5440.0
2020-01-30 01:30:00,6510.0
2020-01-30 02:30:00,3390.0
2020-01-30 03:30:00,2320.0
2020-01-30 04:30:00,3170.0
2020-01-30 05:30:00,8150.0
2020-01-30 06:30:00,3580.0
2020-01-30 07:30:00,11000.0
2020-01-30 08:30:00,30250.0
2020-01-30 09:30:00,63090.0
2020-01-30 10:30:00,112690.0
2020-01-30 11:30:00,125260.0
2020-01-30 12:30:00,99990.0
2020-01-30 13:30:00,104710.0
2020-01-30 14:30:00,131080.0
2020-01-30 15:30:00,93760.0
2020-01-30 16:30:00,86390.0
2020-01-30 17:30:00,58200.0
2020-01-30 18:30:00,33930.0
2020-01-30 19:30:00,89980.0
2020-01-30 20:30:00,59700.0
2020-01-30 21:30:00,41070.0
2020-01-30 22:30:00,39230.0
2020-01-30 23:30:00,24720.0
2020-01-31 00:30:00,11610.0
2020-01-31 01:30:00,6450.0
2020-01-31 02:30:00,8310.0
2020-01-31 03:30:00,5560.0
2020-01-31 04:30:00,14270.0
2020-01-31 05:30:00,10510.0
2020-01-31 06:30:00,8640.0
2020-01-31 07:30:00,43530.0
2020-01-31 08:30:00,102320.0
2020-01-31 09:30:00,218520.0
2020-01-31 10:30:00,378630.0
2020-01-31 11:30:00,360790.0
2020-01-31 12:30:00,248610.0
2020-01-31 13:30:00,283320.0
2020-01-31 14:30:00,322940.0
2020-01-31 15:30:00,230050.0
2020-01-31 16:30:00,212790.0
2020-01-31 17:30:00,135420.0
2020-01-31 18:30:00,94960.0
2020-01-31 19:30:00,66250.0
2020-01-31 20:30:00,33960.0
2020-01-31 21:30:00,16840.0
2020-01-31 22:30:00,5590.0
2020-01-31 23:30:00,4290.0
2020-02-01 00:30:00,2860.0
2020-02-01 01:30:00,2210.0
2020-02-01 02:30:00,2360.0
2020-02-01 03:30:00,1490.0
2020-02-01 04:30:00,560.0
2020-02-01 05:30:00,2110.0
2020-02-01 06:30:00,2590.0
2020-02-01 07:30:00,2120.0
2020-02-01 08:30:00,2370.0
2020-02-01 09:30:00,3730.0
2020-02-01 10:30:00,5440.0
2020-02-01 11:30:00,3080.0
2020-02-01 12:30:00,5390.0
2020-02-01 13:30:00,5060.0
2020-02-01 14:30:00,3640.0
2020-02-01 15:30:00,4490.0
2020-02-01 16:30:00,5050.0
2020-02-01 17:30:00,9960.0
2020-02-01 18:30:00,7950.0
2020-02-01 19:30:00,12310.0
2020-02-01 20:30:00,5550.0
2020-02-01 21:30:00,9800.0
2020-02-01 22:30:00,8300.0
2020-02-01 23:30:00,5920.0
2020-02-02 00:30:00,4330.0
2020-02-02 01:30:00,2980.0
2020-02-02 02:30:00,3690.0
2020-02-02 03:30:00,830.0
2020-02-02 04:30:00,720.0
2020-02-02 05:30:00,3930.0
2020-02-02 06:30:00,2480.0
2020-02-02 07:30:00,1580.0
2020-02-02 08:30:00,2620.0
2020-02-02 09:30:00,1690.0
2020-02-02 10:30:00,2670.0
2020-02-02 11:30:00,3710.0
2020-02-02 12:30:00,1750.0
2020-02-02 13:30:00,3430.0
2020-02-02 14:30:00,3450.0
2020-02-02 15:30:00,2640.0
2020-02-02 16:30:00,3840.0
2020-02-02 17:30:00,3730.0
2020-02-02 18:30:00,7940.0
2020-02-02 19:30:00,3940.0
2020-02-02 20:30:00,4530.0
2020-02-02 21:30:00,5190.0
2020-02-02 22:30:00,3510.0
2020-02-02 23:30:00,2260.0
2020-02-03 00:00:00,2260.0
2020-02-03 00:30:00,2530.0
2020-02-03 01:30:00,4300.0
2020-02-03 02:30:00,3200.0
2020-02-03 03:30:00,610.0
2020-02-03 04:30:00,1700.0
2020-02-03 05:30:00,4100.0
2020-02-03 06:30:00,17150.0
2020-02-03 07:30:00,71510.0
2020-02-03 08:30:00,230070.0
2020-02-03 09:30:00,382020.0
2020-02-03 10:30:00,484000.0
2020-02-03 11:30:00,517320.0
2020-02-03 12:30:00,498400.0
2020-02-03 13:30:00,482960.0
2020-02-03 14:30:00,515040.0
2020-02-03 15:30:00,473530.0
2020-02-03 16:30:00,292970.0
2020-02-03 17:30:00,207240.0
2020-02-03 18:30:00,157970.0
2020-02-03 19:30:00,92790.0
2020-02-03 20:30:00,59400.0
2020-02-03 21:30:00,51820.0
2020-02-03 22:30:00,82700.0
2020-02-03 23:30:00,24910.0
2020-02-04 00:30:00,12710.0
2020-02-04 01:30:00,13650.0
2020-02-04 02:30:00,11240.0
2020-02-04 03:30:00,6960.0
2020-02-04 04:30:00,7440.0
2020-02-04 05:30:00,14130.0
2020-02-04 06:30:00,6730.0
2020-02-04 07:30:00,16800.0
2020-02-04 08:30:00,43920.0
2020-02-04 09:30:00,76100.0
2020-02-04 10:30:00,97120.0
2020-02-04 11:30:00,127490.0
2020-02-04 12:30:00,101950.0
2020-02-04 13:30:00,278780.0
2020-02-04 14:30:00,96060.0
2020-02-04 15:30:00,77560.0
2020-02-04 16:30:00,130590.0
2020-02-04 17:30:00,357590.0
2020-02-04 18:30:00,218370.0
2020-02-04 19:30:00,85490.0
2020-02-04 20:30:00,58390.0
2020-02-04 21:30:00,40690.0
2020-02-04 22:30:00,33260.0
2020-02-04 23:30:00,20520.0
2020-02-05 00:30:00,15670.0
2020-02-05 01:30:00,12020.0
2020-02-05 02:30:00,9700.0
2020-02-05 03:30:00,7440.0
2020-02-05 04:30:00,13830.0
2020-02-05 05:30:00,16020.0
2020-02-05 06:30:00,17460.0
2020-02-05 07:30:00,35310.0
2020-02-05 08:30:00,83110.0
2020-02-05 09:30:00,160810.0
2020-02-05 10:30:00,221850.0
2020-02-05 11:30:00,248780.0
2020-02-05 12:30:00,201720.0
2020-02-05 13:30:00,254850.0
2020-02-05 14:30:00,264110.0
2020-02-05 15:30:00,192500.0
2020-02-05 16:30:00,167330.0
2020-02-05 17:30:00,123140.0
2020-02-05 18:30:00,99630.0
2020-02-05 19:30:00,69660.0
2020-02-05 20:30:00,37100.0
2020-02-05 21:30:00,38430.0
2020-02-05 22:30:00,23040.0
2020-02-05 23:30:00,14170.0
2020-02-06 00:30:00,8050.0
2020-02-06 01:30:00,8370.0
2020-02-06 02:30:00,5920.0
2020-02-06 03:30:00,2650.0
2020-02-06 04:30:00,4590.0
2020-02-06 05:30:00,8800.0
2020-02-06 06:30:00,7590.0
2020-02-06 07:30:00,14870.0
2020-02-06 08:30:00,27740.0
2020-02-06 09:30:00,150060.0
2020-02-06 10:30:00,245570.0
2020-02-06 11:30:00,298290.0
2020-02-06 12:30:00,184280.0
2020-02-06 13:30:00,232890.0
2020-02-06 14:30:00,196320.0
2020-02-06 15:30:00,180100.0
2020-02-06 16:30:00,175110.0
2020-02-06 17:30:00,116100.0
2020-02-06 18:30:00,92780.0
2020-02-06 19:30:00,73400.0
2020-02-06 20:30:00,51590.0
2020-02-06 21:30:00,39230.0
2020-02-06 22:30:00,32780.0
2020-02-06 23:30:00,17120.0
2020-02-07 00:30:00,11450.0
2020-02-07 01:30:00,7660.0
2020-02-07 02:30:00,6240.0
2020-02-07 03:30:00,2220.0
2020-02-07 04:30:00,5500.0
2020-02-07 05:30:00,9890.0
2020-02-07 06:30:00,2370.0
2020-02-07 07:30:00,11080.0
2020-02-07 08:30:00,27750.0
2020-02-07 09:30:00,52660.0
2020-02-07 10:30:00,84400.0
2020-02-07 11:30:00,86090.0
2020-02-07 12:30:00,63540.0
2020-02-07 13:30:00,77400.0
2020-02-07 14:30:00,71640.0
2020-02-07 15:30:00,64170.0
2020-02-07 16:30:00,89300.0
2020-02-07 17:30:00,154590.0
2020-02-07 18:30:00,121160.0
2020-02-07 19:30:00,71070.0
2020-02-07 20:30:00,56520.0
2020-02-07 21:30:00,25460.0
2020-02-07 22:30:00,18450.0
2020-02-07 23:30:00,14530.0
2020-02-08 00:30:00,6430.0
2020-02-08 01:30:00,6130.0
2020-02-08 02:30:00,4460.0
2020-02-08 03:30:00,3930.0
2020-02-08 04:30:00,2590.0
2020-02-08 05:30:00,3520.0
2020-02-08 06:30:00,1040.0
2020-02-08 07:30:00,3300.0
2020-02-08 08:30:00,1440.0
2020-02-08 11:30:00,5170.0
2020-02-08 12:30:00,6690.0
2020-02-08 13:30:00,11260.0
2020-02-08 14:30:00,8690.0
2020-02-08 15:30:00,950.0
2020-02-08 16:30:00,1080.0
2020-02-08 17:30:00,1490.0
2020-02-08 18:30:00,1620.0
2020-02-08 19:30:00,460.0
2020-02-08 20:30:00,940.0
2020-02-08 21:30:00,2550.0
2020-02-08 22:30:00,1320.0
2020-02-08 23:30:00,420.0
2020-02-09 00:30:00,540.0
2020-02-09 01:30:00,400.0
2020-02-09 02:30:00,380.0
2020-02-09 03:30:00,450.0
2020-02-09 04:30:00,360.0
2020-02-09 05:30:00,680.0
2020-02-09 06:30:00,640.0
2020-02-09 07:30:00,420.0
2020-02-09 08:30:00,690.0
2020-02-09 09:30:00,1970.0
2020-02-09 10:30:00,1460.0
2020-02-09 11:30:00,1780.0
2020-02-09 12:30:00,1200.0
2020-02-09 13:30:00,880.0
2020-02-09 14:30:00,2800.0
2020-02-09 15:30:00,3160.0
2020-02-09 16:30:00,1560.0
2020-02-09 17:30:00,3060.0
2020-02-09 18:30:00,2630.0
2020-02-09 19:30:00,1900.0
2020-02-09 20:30:00,2130.0
2020-02-09 21:30:00,2290.0
2020-02-09 22:30:00,1580.0
2020-02-09 23:30:00,2290.0
2020-02-10 00:00:00,2290.0
2020-02-10 00:30:00,670.0
2020-02-10 01:30:00,660.0
2020-02-10 02:30:00,400.0
2020-02-10 03:30:00,360.0
2020-02-10 04:30:00,630.0
2020-02-10 05:30:00,1670.0
2020-02-10 06:30:00,2670.0
2020-02-10 07:30:00,16660.0
2020-02-10 08:30:00,43830.0
2020-02-10 09:30:00,88800.0
2020-02-10 10:30:00,448960.0
2020-02-10 11:30:00,335260.0
2020-02-10 12:30:00,401440.0
2020-02-10 13:30:00,352290.0
2020-02-10 14:30:00,333900.0
2020-02-10 15:30:00,303890.0
2020-02-10 16:30:00,256120.0
2020-02-10 17:30:00,186940.0
2020-02-10 18:30:00,162040.0
2020-02-10 19:30:00,97890.0
2020-02-10 20:30:00,66290.0
2020-02-10 21:30:00,42510.0
2020-02-10 22:30:00,24690.0
2020-02-10 23:30:00,14790.0
2020-02-11 00:30:00,13300.0
2020-02-11 01:30:00,5670.0
2020-02-11 02:30:00,4080.0
2020-02-11 03:30:00,4370.0
2020-02-11 04:30:00,3150.0
2020-02-11 05:30:00,11130.0
2020-02-11 06:30:00,9890.0
2020-02-11 07:30:00,32600.0
2020-02-11 08:30:00,95410.0
2020-02-11 09:30:00,282250.0
2020-02-11 10:30:00,401370.0
2020-02-11 11:30:00,453190.0
2020-02-11 12:30:00,315190.0
2020-02-11 13:30:00,300710.0
2020-02-11 14:30:00,320020.0
2020-02-11 15:30:00,263540.0
2020-02-11 16:30:00,217670.0
2020-02-11 17:30:00,166550.0
2020-02-11 18:30:00,127790.0
2020-02-11 19:30:00,68920.0
2020-02-11 20:30:00,47910.0
2020-02-11 21:30:00,37790.0
2020-02-11 22:30:00,28270.0
2020-02-11 23:30:00,12510.0
2020-02-12 00:30:00,6010.0
2020-02-12 01:30:00,5850.0
2020-02-12 02:30:00,4120.0
2020-02-12 03:30:00,5870.0
2020-02-12 04:30:00,5690.0
2020-02-12 05:30:00,9000.0
2020-02-12 06:30:00,9650.0
2020-02-12 07:30:00,29690.0
2020-02-12 08:30:00,78740.0
2020-02-12 09:30:00,196460.0
2020-02-12 10:30:00,364990.0
2020-02-12 11:30:00,386300.0
2020-02-12 12:30:00,266160.0
2020-02-12 13:30:00,263790.0
2020-02-12 14:30:00,264200.0
2020-02-12 15:30:00,239840.0
2020-02-12 16:30:00,169220.0
2020-02-12 17:30:00,153650.0
2020-02-12 18:30:00,117370.0
2020-02-12 19:30:00,76190.0
2020-02-12 20:30:00,36890.0
2020-02-12 21:30:00,32090.0
2020-02-12 22:30:00,21450.0
2020-02-12 23:30:00,11270.0
2020-02-13 00:30:00,8290.0
2020-02-13 01:30:00,5960.0
2020-02-13 02:30:00,3440.0
2020-02-13 03:30:00,2900.0
2020-02-13 04:30:00,6270.0
2020-02-13 05:30:00,7050.0
2020-02-13 06:30:00,16510.0
2020-02-13 07:30:00,34000.0
2020-02-13 08:30:00,97020.0
2020-02-13 09:30:00,188020.0
2020-02-13 10:30:00,298290.0
2020-02-13 11:30:00,328880.0
2020-02-13 12:30:00,255120.0
2020-02-13 13:30:00,258720.0
2020-02-13 14:30:00,257460.0
2020-02-13 15:30:00,220130.0
2020-02-13 16:30:00,173860.0
2020-02-13 17:30:00,135010.0
2020-02-13 18:30:00,103060.0
2020-02-13 19:30:00,68860.0
2020-02-13 20:30:00,44880.0
2020-02-13 21:30:00,34260.0
2020-02-13 22:30:00,17830.0
2020-02-13 23:30:00,12040.0
2020-02-14 00:30:00,9910.0
2020-02-14 01:30:00,3730.0
2020-02-14 02:30:00,3800.0
2020-02-14 03:30:00,2460.0
2020-02-14 04:30:00,2680.0
2020-02-14 05:30:00,8100.0
2020-02-14 06:30:00,11690.0
2020-02-14 07:30:00,28280.0
2020-02-14 08:30:00,90480.0
2020-02-14 09:30:00,191590.0
2020-02-14 10:30:00,239520.0
2020-02-14 11:30:00,304830.0
2020-02-14 12:30:00,253590.0
2020-02-14 13:30:00,314360.0
2020-02-14 14:30:00,296970.0
2020-02-14 15:30:00,243450.0
2020-02-14 16:30:00,220360.0
2020-02-14 17:30:00,173550.0
2020-02-14 18:30:00,125230.0
2020-02-14 19:30:00,71860.0
2020-02-14 20:30:00,44570.0
2020-02-14 21:30:00,34220.0
2020-02-14 22:30:00,20970.0
2020-02-14 23:30:00,11540.0
2020-02-15 00:30:00,5390.0
2020-02-15 01:30:00,2980.0
2020-02-15 02:30:00,4290.0
2020-02-15 03:30:00,2010.0
2020-02-15 04:30:00,4480.0
2020-02-15 05:30:00,5740.0
2020-02-15 06:30:00,4430.0
2020-02-15 07:30:00,3350.0
2020-02-15 08:30:00,8310.0
2020-02-15 09:30:00,11390.0
2020-02-15 10:30:00,8540.0
2020-02-15 11:30:00,8100.0
2020-02-15 12:30:00,8190.0
2020-02-15 13:30:00,9600.0
2020-02-15 14:30:00,9290.0
2020-02-15 15:30:00,7020.0
2020-02-15 16:30:00,7750.0
2020-02-15 17:30:00,7000.0
2020-02-15 18:30:00,11910.0
2020-02-15 19:30:00,8660.0
2020-02-15 20:30:00,4860.0
2020-02-15 21:30:00,4400.0
2020-02-15 22:30:00,6450.0
2020-02-15 23:30:00,3460.0
2020-02-16 00:30:00,2170.0
2020-02-16 01:30:00,550.0
2020-02-16 02:30:00,2830.0
2020-02-16 03:30:00,880.0
2020-02-16 04:30:00,1010.0
2020-02-16 05:30:00,1710.0
2020-02-16 06:30:00,880.0
2020-02-16 07:30:00,3480.0
2020-02-16 08:30:00,8970.0
2020-02-16 09:30:00,7760.0
2020-02-16 10:30:00,9810.0
2020-02-16 11:30:00,9040.0
2020-02-16 12:30:00,12230.0
2020-02-16 13:30:00,10370.0
2020-02-16 14:30:00,9920.0
2020-02-16 15:30:00,9090.0
2020-02-16 16:30:00,15270.0
2020-02-16 17:30:00,11370.0
2020-02-17 09:30:00,36170.0
2020-02-17 10:30:00,135200.0
2020-02-17 11:30:00,150440.0
2020-02-17 12:30:00,109070.0
2020-02-17 13:30:00,115610.0
2020-02-17 14:30:00,166200.0
2020-02-17 15:30:00,124190.0
2020-02-17 16:30:00,77070.0
2020-02-17 17:30:00,66060.0
2020-02-17 18:30:00,48740.0
2020-02-17 19:30:00,31150.0
2020-02-17 20:30:00,16680.0
2020-02-17 21:30:00,8190.0
2020-02-17 22:30:00,31520.0
2020-02-17 23:30:00,19820.0
2020-02-18 00:30:00,7080.0
2020-02-18 01:30:00,5610.0
2020-02-18 02:30:00,3450.0
2020-02-18 03:30:00,2470.0
2020-02-18 04:30:00,3660.0
2020-02-18 05:30:00,4780.0
2020-02-18 06:30:00,9970.0
2020-02-18 07:30:00,37780.0
2020-02-18 08:30:00,102520.0
2020-02-18 09:30:00,182270.0
2020-02-18 10:30:00,328220.0
2020-02-18 11:30:00,437050.0
2020-02-18 12:30:00,277780.0
2020-02-18 13:30:00,309050.0
2020-02-18 14:30:00,314180.0
2020-02-18 15:30:00,258200.0
2020-02-18 16:30:00,244140.0
2020-02-18 17:30:00,197520.0
2020-02-18 18:30:00,151510.0
2020-02-18 19:30:00,93580.0
2020-02-18 20:30:00,70940.0
2020-02-18 21:30:00,45570.0
2020-02-18 22:30:00,33230.0
2020-02-18 23:30:00,14790.0
2020-02-19 00:30:00,9100.0
2020-02-19 01:30:00,6070.0
2020-02-19 02:30:00,4020.0
2020-02-19 03:30:00,3700.0
2020-02-19 04:30:00,4360.0
2020-02-19 05:30:00,4460.0
2020-02-19 06:30:00,13580.0
2020-02-19 07:30:00,30530.0
2020-02-19 08:30:00,84660.0
2020-02-19 09:30:00,189430.0
2020-02-19 10:30:00,273450.0
2020-02-19 11:30:00,307070.0
2020-02-19 12:30:00,249320.0
2020-02-19 13:30:00,266650.0
2020-02-19 14:30:00,323370.0
2020-02-19 15:30:00,257820.0
2020-02-19 16:30:00,230830.0
2020-02-19 17:30:00,184660.0
2020-02-19 18:30:00,145140.0
2020-02-19 19:30:00,86590.0
2020-02-19 20:30:00,45470.0
2020-02-19 21:30:00,35650.0
2020-02-19 22:30:00,29250.0
2020-02-19 23:30:00,9710.0
2020-02-20 00:30:00,8400.0
2020-02-20 01:30:00,4370.0
2020-02-20 02:30:00,5620.0
2020-02-20 03:30:00,1690.0
2020-02-20 04:30:00,2830.0
2020-02-20 05:30:00,6590.0
2020-02-20 06:30:00,19540.0
2020-02-20 07:30:00,35790.0
2020-02-20 08:30:00,84770.0
2020-02-20 09:30:00,173520.0
2020-02-20 10:30:00,257990.0
2020-02-20 11:30:00,287640.0
2020-02-20 12:30:00,234600.0
2020-02-20 13:30:00,262260.0
2020-02-20 14:30:00,328510.0
2020-02-20 15:30:00,229190.0
2020-02-20 16:30:00,209780.0
2020-02-20 17:30:00,175190.0
2020-02-20 18:30:00,151220.0
2020-02-20 19:30:00,84640.0
2020-02-20 20:30:00,43650.0
2020-02-20 21:30:00,31210.0
2020-02-20 22:30:00,30570.0
2020-02-20 23:30:00,10860.0
2020-02-21 00:30:00,9840.0
2020-02-21 01:30:00,4880.0
2020-02-21 02:30:00,6300.0
2020-02-21 03:30:00,3490.0
2020-02-21 04:30:00,2390.0
2020-02-21 05:30:00,7420.0
2020-02-21 06:30:00,7270.0
2020-02-21 07:30:00,19540.0
2020-02-21 08:30:00,51230.0
2020-02-21 09:30:00,102510.0
2020-02-21 10:30:00,174110.0
2020-02-21 11:30:00,220330.0
2020-02-21 12:30:00,148820.0
2020-02-21 13:30:00,190520.0
2020-02-21 14:30:00,196970.0
2020-02-21 15:30:00,132780.0
2020-02-21 16:30:00,129980.0
2020-02-21 17:30:00,97890.0
2020-02-21 18:30:00,75370.0
2020-02-21 19:30:00,49380.0
2020-02-21 20:30:00,29580.0
2020-02-21 21:30:00,18930.0
2020-02-21 22:30:00,14790.0
2020-02-21 23:30:00,11670.0
2020-02-22 00:30:00,4340.0
2020-02-22 01:30:00,3510.0
2020-02-22 02:30:00,3670.0
2020-02-22 03:30:00,3060.0
2020-02-22 04:30:00,1780.0
2020-02-22 05:30:00,4760.0
2020-02-22 06:30:00,2930.0
2020-02-22 07:30:00,2440.0
2020-02-22 08:30:00,3330.0
2020-02-22 09:30:00,10250.0
2020-02-22 10:30:00,9320.0
2020-02-22 11:30:00,13490.0
2020-02-22 12:30:00,9100.0
2020-02-22 13:30:00,10840.0
2020-02-22 14:30:00,16200.0
2020-02-22 15:30:00,4940.0
2020-02-22 16:30:00,4350.0
2020-02-22 17:30:00,5450.0
2020-02-22 18:30:00,10170.0
2020-02-22 19:30:00,9220.0
2020-02-22 20:30:00,5870.0
2020-02-22 21:30:00,4990.0
2020-02-22 22:30:00,9260.0
2020-02-22 23:30:00,3190.0
2020-02-23 00:30:00,1630.0
2020-02-23 01:30:00,780.0
2020-02-23 02:30:00,1930.0
2020-02-23 03:30:00,2210.0
2020-02-23 04:30:00,990.0
2020-02-23 05:30:00,2260.0
2020-02-23 06:30:00,2950.0
2020-02-23 07:30:00,6990.0
2020-02-23 08:30:00,7120.0
2020-02-23 09:30:00,8190.0
2020-02-23 10:30:00,7190.0
2020-02-23 11:30:00,7450.0
2020-02-23 12:30:00,13920.0
2020-02-23 13:30:00,11360.0
2020-02-23 14:30:00,7610.0
2020-02-23 15:30:00,7000.0
2020-02-23 16:30:00,13310.0
2020-02-23 17:30:00,9220.0
2020-02-23 18:30:00,12660.0
2020-02-23 19:30:00,9100.0
2020-02-23 20:30:00,6600.0
2020-02-23 21:30:00,9320.0
2020-02-23 22:30:00,11840.0
2020-02-23 23:30:00,6420.0
2020-02-24 00:00:00,6420.0
2020-02-24 00:30:00,3250.0
2020-02-24 01:30:00,2630.0
2020-02-24 02:30:00,3110.0
2020-02-24 03:30:00,460.0
2020-02-24 04:30:00,2180.0
2020-02-24 05:30:00,2720.0
2020-02-24 06:30:00,8100.0
2020-02-24 07:30:00,36350.0
2020-02-24 08:30:00,120110.0
2020-02-24 09:30:00,228200.0
2020-02-24 10:30:00,579920.0
2020-02-24 11:30:00,678960.0
2020-02-24 12:30:00,505160.0
2020-02-24 13:30:00,708550.0
2020-02-24 14:30:00,322190.0
2020-02-24 15:30:00,289580.0
2020-02-24 16:30:00,227530.0
2020-02-24 17:30:00,218610.0
2020-02-24 18:30:00,154050.0
2020-02-24 19:30:00,86100.0
2020-02-24 20:30:00,46540.0
2020-02-24 21:30:00,29650.0
2020-02-24 22:30:00,25000.0
2020-02-24 23:30:00,14290.0
2020-02-25 00:30:00,8270.0
2020-02-25 01:30:00,7690.0
2020-02-25 02:30:00,4490.0
2020-02-25 03:30:00,5180.0
2020-02-25 04:30:00,5270.0
2020-02-25 05:30:00,5790.0
2020-02-25 06:30:00,13830.0
2020-02-25 07:30:00,33740.0
2020-02-25 08:30:00,80420.0
2020-02-25 09:30:00,162110.0
2020-02-25 10:30:00,374020.0
2020-02-25 11:30:00,384820.0
2020-02-25 12:30:00,277750.0
2020-02-25 13:30:00,303540.0
2020-02-25 14:30:00,333010.0
2020-02-25 15:30:00,298210.0
2020-02-25 16:30:00,214500.0
2020-02-25 17:30:00,181070.0
2020-02-25 18:30:00,141170.0
2020-02-25 19:30:00,70470.0
2020-02-25 20:30:00,46970.0
2020-02-25 21:30:00,46570.0
2020-02-25 22:30:00,23460.0
2020-02-25 23:30:00,19180.0
2020-02-26 00:30:00,14200.0
2020-02-26 01:30:00,10720.0
2020-02-26 02:30:00,4470.0
2020-02-26 03:30:00,2990.0
2020-02-26 04:30:00,2750.0
2020-02-26 05:30:00,8430.0
2020-02-26 06:30:00,13200.0
2020-02-26 07:30:00,26770.0
2020-02-26 08:30:00,86020.0
2020-02-26 09:30:00,198280.0
2020-02-26 10:30:00,298280.0
2020-02-26 11:30:00,326340.0
2020-02-26 12:30:00,210540.0
2020-02-26 13:30:00,212890.0
2020-02-26 14:30:00,270670.0
2020-02-26 15:30:00,221180.0
2020-02-26 16:30:00,179290.0
2020-02-26 17:30:00,143720.0
2020-02-26 18:30:00,128090.0
2020-02-26 19:30:00,65970.0
2020-02-26 20:30:00,33830.0
2020-02-26 21:30:00,32370.0
2020-02-26 22:30:00,23700.0
2020-02-26 23:30:00,16340.0
2020-02-27 00:30:00,6220.0
2020-02-27 01:30:00,3440.0
2020-02-27 02:30:00,3050.0
2020-02-27 03:30:00,5660.0
2020-02-27 04:30:00,9340.0
2020-02-27 05:30:00,4710.0
2020-02-27 06:30:00,20850.0
2020-02-27 07:30:00,31760.0
2020-02-27 08:30:00,94960.0
2020-02-27 09:30:00,157930.0
2020-02-27 10:30:00,234530.0
2020-02-27 11:30:00,280460.0
2020-02-27 12:30:00,196710.0
2020-02-27 13:30:00,204000.0
2020-02-27 14:30:00,221420.0
2020-02-27 15:30:00,197280.0
2020-02-27 16:30:00,187460.0
2020-02-27 17:30:00,131770.0
2020-02-27 18:30:00,89430.0
2020-02-27 19:30:00,67170.0
2020-02-27 20:30:00,39000.0
2020-02-27 21:30:00,35200.0
2020-02-27 22:30:00,26970.0
2020-02-27 23:30:00,18070.0
2020-02-28 00:30:00,9340.0
2020-02-28 01:30:00,3210.0
2020-02-28 02:30:00,2930.0
2020-02-28 03:30:00,4870.0
2020-02-28 04:30:00,4180.0
2020-02-28 05:30:00,8410.0
2020-02-28 06:30:00,7890.0
2020-02-28 07:30:00,24540.0
2020-02-28 08:30:00,65780.0
2020-02-28 09:30:00,139570.0
2020-02-28 10:30:00,286400.0
2020-02-28 11:30:00,289140.0
2020-02-28 12:30:00,182350.0
2020-02-28 13:30:00,220190.0
2020-02-28 14:30:00,258370.0
2020-02-28 15:30:00,193440.0
2020-02-28 16:30:00,131550.0
2020-02-28 17:30:00,67430.0
2020-02-28 18:30:00,54740.0
2020-02-28 19:30:00,34110.0
2020-02-28 20:30:00,28330.0
2020-02-28 21:30:00,17550.0
2020-02-28 22:30:00,14000.0
2020-02-28 23:30:00,4830.0
2020-02-29 00:30:00,7190.0
2020-02-29 01:30:00,2660.0
2020-02-29 02:30:00,2180.0
2020-02-29 03:30:00,1270.0
2020-02-29 04:30:00,1840.0
2020-02-29 05:30:00,1900.0
2020-02-29 06:30:00,2160.0
2020-02-29 07:30:00,3160.0
2020-02-29 08:30:00,3690.0
2020-02-29 09:30:00,3870.0
2020-02-29 10:30:00,4120.0
2020-02-29 11:30:00,6920.0
2020-02-29 12:30:00,6810.0
2020-02-29 13:30:00,3550.0
2020-02-29 14:30:00,5050.0
2020-02-29 15:30:00,4440.0
2020-02-29 16:30:00,3530.0
2020-02-29 17:30:00,3240.0
2020-02-29 18:30:00,1810.0
2020-02-29 19:30:00,4820.0
2020-02-29 20:30:00,3230.0
2020-02-29 21:30:00,2590.0
2020-02-29 22:30:00,2280.0
2020-02-29 23:30:00,5100.0
2020-03-01 00:30:00,3920.0
2020-03-01 01:30:00,2710.0
2020-03-01 02:30:00,1000.0
2020-03-01 03:30:00,590.0
2020-03-01 04:30:00,2210.0
2020-03-01 05:30:00,5250.0
2020-03-01 06:30:00,3590.0
2020-03-01 07:30:00,3340.0
2020-03-01 08:30:00,4540.0
2020-03-01 09:30:00,3500.0
2020-03-01 10:30:00,6410.0
2020-03-01 11:30:00,5560.0
2020-03-01 12:30:00,4280.0
2020-03-01 13:30:00,6390.0
2020-03-01 14:30:00,4840.0
2020-03-01 15:30:00,10640.0
2020-03-01 16:30:00,7130.0
2020-03-01 17:30:00,6980.0
2020-03-01 18:30:00,8380.0
2020-03-01 19:30:00,9490.0
2020-03-01 20:30:00,13900.0
2020-03-01 21:30:00,14370.0
2020-03-01 22:30:00,14590.0
2020-03-01 23:30:00,9030.0
2020-03-02 00:00:00,9030.0
2020-03-02 00:30:00,2210.0
2020-03-02 01:30:00,3270.0
2020-03-02 02:30:00,3330.0
2020-03-02 03:30:00,3130.0
2020-03-02 04:30:00,1940.0
2020-03-02 05:30:00,9590.0
2020-03-02 06:30:00,16090.0
2020-03-02 07:30:00,40200.0
2020-03-02 08:30:00,127910.0
2020-03-02 09:30:00,241530.0
2020-03-02 10:30:00,329200.0
2020-03-02 11:30:00,354930.0
2020-03-02 12:30:00,262250.0
2020-03-02 13:30:00,315510.0
2020-03-02 14:30:00,277410.0
2020-03-02 15:30:00,222770.0
2020-03-02 16:30:00,192810.0
2020-03-02 17:30:00,167450.0
2020-03-02 18:30:00,134080.0
2020-03-02 19:30:00,94600.0
2020-03-02 20:30:00,57190.0
2020-03-02 21:30:00,40350.0
2020-03-02 22:30:00,27630.0
2020-03-02 23:30:00,14460.0
2020-03-03 00:30:00,13380.0
2020-03-03 01:30:00,12470.0
2020-03-03 02:30:00,7960.0
2020-03-03 03:30:00,5070.0
2020-03-03 04:30:00,7980.0
2020-03-03 05:30:00,10210.0
2020-03-03 06:30:00,12120.0
2020-03-03 07:30:00,28660.0
2020-03-03 08:30:00,80190.0
2020-03-03 09:30:00,166020.0
2020-03-03 10:30:00,240210.0
2020-03-03 11:30:00,282980.0
2020-03-03 12:30:00,229220.0
2020-03-03 13:30:00,226270.0
2020-03-03 14:30:00,262020.0
2020-03-03 15:30:00,201870.0
2020-03-03 16:30:00,171550.0
2020-03-03 17:30:00,145170.0
2020-03-03 18:30:00,128800.0
2020-03-03 19:30:00,77790.0
2020-03-03 20:30:00,51070.0
2020-03-03 21:30:00,42640.0
2020-03-03 22:30:00,36950.0
2020-03-03 23:30:00,20870.0
2020-03-04 00:30:00,19000.0
2020-03-04 01:30:00,19500.0
2020-03-04 02:30:00,11890.0
2020-03-04 03:30:00,10630.0
2020-03-04 04:30:00,13180.0
2020-03-04 05:30:00,16380.0
2020-03-04 06:30:00,16460.0
2020-03-04 07:30:00,32100.0
2020-03-04 08:30:00,93120.0
2020-03-04 09:30:00,158940.0
2020-03-04 10:30:00,228950.0
2020-03-04 11:30:00,229060.0
2020-03-04 12:30:00,206060.0
2020-03-04 13:30:00,239430.0
2020-03-04 14:30:00,286160.0
2020-03-04 15:30:00,223720.0
2020-03-04 16:30:00,371400.0
2020-03-04 17:30:00,664150.0
2020-03-04 18:30:00,399520.0
2020-03-04 19:30:00,78320.0
2020-03-04 20:30:00,52190.0
2020-03-04 21:30:00,51430.0
2020-03-04 22:30:00,26280.0
2020-03-04 23:30:00,24920.0
2020-03-05 00:30:00,15310.0
2020-03-05 01:30:00,17500.0
2020-03-05 02:30:00,17930.0
2020-03-05 03:30:00,6230.0
2020-03-05 04:30:00,10050.0
2020-03-05 05:30:00,13460.0
2020-03-05 06:30:00,15050.0
2020-03-05 07:30:00,33870.0
2020-03-05 08:30:00,110170.0
2020-03-05 09:30:00,187540.0
2020-03-05 10:30:00,259610.0
2020-03-05 11:30:00,320460.0
2020-03-05 12:30:00,219910.0
2020-03-05 13:30:00,242910.0
2020-03-05 14:30:00,266010.0
2020-03-05 15:30:00,194710.0
2020-03-05 16:30:00,188710.0
2020-03-05 17:30:00,143560.0
2020-03-05 18:30:00,118550.0
2020-03-05 19:30:00,74130.0
2020-03-05 20:30:00,63860.0
2020-03-05 21:30:00,41330.0
2020-03-05 22:30:00,36770.0
2020-03-05 23:30:00,21640.0
2020-03-06 00:30:00,14210.0
2020-03-06 01:30:00,5810.0
2020-03-06 02:30:00,7380.0
2020-03-06 03:30:00,6460.0
2020-03-06 04:30:00,5290.0
2020-03-06 05:30:00,12890.0
2020-03-06 06:30:00,18160.0
2020-03-06 07:30:00,48480.0
2020-03-06 08:30:00,108720.0
2020-03-06 09:30:00,179480.0
2020-03-06 10:30:00,322370.0
2020-03-06 11:30:00,350870.0
2020-03-06 12:30:00,228940.0
2020-03-06 13:30:00,329600.0
2020-03-06 14:30:00,378120.0
2020-03-06 15:30:00,311600.0
2020-03-06 16:30:00,278080.0
2020-03-06 17:30:00,203350.0
2020-03-06 18:30:00,146110.0
2020-03-06 19:30:00,104590.0
2020-03-06 20:30:00,55890.0
2020-03-06 21:30:00,47600.0
2020-03-06 22:30:00,29780.0
2020-03-06 23:30:00,18920.0
2020-03-07 00:30:00,18720.0
2020-03-07 01:30:00,13470.0
2020-03-07 02:30:00,11260.0
2020-03-07 03:30:00,8060.0
2020-03-07 04:30:00,5940.0
2020-03-07 05:30:00,6830.0
2020-03-07 06:30:00,9550.0
2020-03-07 07:30:00,9880.0
2020-03-07 08:30:00,15470.0
2020-03-07 09:30:00,15490.0
2020-03-07 10:30:00,15020.0
2020-03-07 11:30:00,15930.0
2020-03-07 12:30:00,18610.0
2020-03-07 13:30:00,13070.0
2020-03-07 14:30:00,11630.0
2020-03-07 15:30:00,12370.0
2020-03-07 16:30:00,12450.0
2020-03-07 17:30:00,8850.0
2020-03-07 18:30:00,10950.0
2020-03-07 19:30:00,6610.0
2020-03-07 20:30:00,7200.0
2020-03-07 21:30:00,7130.0
2020-03-07 22:30:00,5020.0
2020-03-07 23:30:00,8240.0
2020-03-08 00:30:00,5560.0
2020-03-08 01:30:00,4470.0
2020-03-08 02:30:00,1470.0
2020-03-08 03:30:00,2000.0
2020-03-08 04:30:00,2510.0
2020-03-08 05:30:00,4070.0
2020-03-08 06:30:00,2940.0
2020-03-08 07:30:00,3060.0
2020-03-08 08:30:00,4970.0
2020-03-08 09:30:00,9290.0
2020-03-08 10:30:00,7250.0
2020-03-08 11:30:00,7820.0
2020-03-08 12:30:00,3540.0
2020-03-08 13:30:00,8030.0
2020-03-08 14:30:00,11350.0
2020-03-08 15:30:00,7010.0
2020-03-08 16:30:00,16070.0
2020-03-08 17:30:00,14780.0
2020-03-08 18:30:00,7900.0
2020-03-08 19:30:00,11710.0
2020-03-08 20:30:00,16000.0
2020-03-08 21:30:00,20970.0
2020-03-08 22:30:00,15600.0
2020-03-08 23:30:00,4790.0
2020-03-09 00:00:00,4790.0
2020-03-09 00:30:00,7680.0
2020-03-09 01:30:00,4260.0
2020-03-09 02:30:00,1660.0
2020-03-09 03:30:00,3620.0
2020-03-09 04:30:00,3360.0
2020-03-09 05:30:00,11100.0
2020-03-09 06:30:00,20740.0
2020-03-09 07:30:00,43720.0
2020-03-09 08:30:00,149930.0
2020-03-09 09:30:00,291690.0
2020-03-09 10:30:00,441510.0
2020-03-09 11:30:00,587470.0
2020-03-09 12:30:00,409420.0
2020-03-09 13:30:00,353890.0
2020-03-09 14:30:00,321880.0
2020-03-09 15:30:00,260180.0
2020-03-09 16:30:00,277650.0
2020-03-09 17:30:00,200000.0
2020-03-09 18:30:00,139560.0
2020-03-09 19:30:00,87460.0
2020-03-09 20:30:00,53190.0
2020-03-09 21:30:00,31870.0
2020-03-09 22:30:00,29490.0
2020-03-09 23:30:00,14830.0
2020-03-10 00:30:00,10680.0
2020-03-10 01:30:00,4470.0
2020-03-10 02:30:00,5860.0
2020-03-10 03:30:00,4690.0
2020-03-10 04:30:00,3350.0
2020-03-10 05:30:00,10250.0
2020-03-10 06:30:00,9930.0
2020-03-10 07:30:00,25980.0
2020-03-10 08:30:00,64960.0
2020-03-10 09:30:00,99880.0
2020-03-10 10:30:00,150110.0
2020-03-10 11:30:00,153420.0
2020-03-10 12:30:00,123430.0
2020-03-10 13:30:00,120620.0
2020-03-10 14:30:00,129340.0
2020-03-10 15:30:00,105500.0
2020-03-10 16:30:00,84960.0
2020-03-10 17:30:00,68160.0
2020-03-10 18:30:00,52330.0
2020-03-10 19:30:00,38740.0
2020-03-10 20:30:00,30350.0
2020-03-10 21:30:00,25170.0
2020-03-10 22:30:00,14070.0
2020-03-10 23:30:00,9070.0
2020-03-11 00:30:00,7730.0
2020-03-11 01:30:00,5650.0
2020-03-11 02:30:00,4160.0
2020-03-11 03:30:00,2490.0
2020-03-11 04:30:00,3210.0
2020-03-11 05:30:00,8740.0
2020-03-11 06:30:00,14180.0
2020-03-11 07:30:00,36600.0
2020-03-11 08:30:00,106160.0
2020-03-11 09:30:00,197760.0
2020-03-11 10:30:00,317210.0
2020-03-11 11:30:00,374480.0
2020-03-11 12:30:00,259940.0
2020-03-11 13:30:00,308210.0
2020-03-11 14:30:00,275480.0
2020-03-11 15:30:00,226210.0
2020-03-11 16:30:00,259740.0
2020-03-11 17:30:00,212160.0
2020-03-11 18:30:00,144910.0
2020-03-11 19:30:00,80510.0
2020-03-11 20:30:00,47080.0
2020-03-11 21:30:00,39110.0
2020-03-11 22:30:00,29390.0
2020-03-11 23:30:00,17090.0
2020-03-12 00:30:00,9650.0
2020-03-12 01:30:00,5190.0
2020-03-12 02:30:00,9870.0
2020-03-12 03:30:00,4210.0
2020-03-12 04:30:00,3080.0
2020-03-12 05:30:00,9100.0
2020-03-12 06:30:00,11430.0
2020-03-12 07:30:00,28560.0
2020-03-12 08:30:00,14420.0
2020-03-12 09:30:00,213510.0
2020-03-12 10:30:00,360310.0
2020-03-12 11:30:00,393350.0
2020-03-12 12:30:00,433970.0
2020-03-12 13:30:00,451400.0
2020-03-12 14:30:00,312530.0
2020-03-12 15:30:00,309730.0
2020-03-12 16:30:00,271270.0
2020-03-12 17:30:00,215720.0
2020-03-12 18:30:00,183390.0
2020-03-12 19:30:00,113210.0
2020-03-12 20:30:00,62330.0
2020-03-12 21:30:00,44840.0
2020-03-12 22:30:00,30040.0
2020-03-12 23:30:00,20510.0
2020-03-13 00:30:00,9170.0
2020-03-13 01:30:00,6520.0
2020-03-13 02:30:00,4250.0
2020-03-13 03:30:00,3350.0
2020-03-13 04:30:00,3790.0
2020-03-13 05:30:00,4610.0
2020-03-13 06:30:00,17060.0
2020-03-13 07:30:00,47400.0
2020-03-13 08:30:00,120570.0
2020-03-13 09:30:00,238980.0
2020-03-13 10:30:00,396380.0
2020-03-13 11:30:00,388010.0
2020-03-13 12:30:00,289380.0
2020-03-13 13:30:00,298220.0
2020-03-13 14:30:00,312370.0
2020-03-13 15:30:00,300140.0
2020-03-13 16:30:00,258730.0
2020-03-13 17:30:00,195180.0
2020-03-13 18:30:00,160280.0
2020-03-13 19:30:00,113900.0
2020-03-13 20:30:00,65760.0
2020-03-13 21:30:00,46860.0
2020-03-13 22:30:00,27700.0
2020-03-13 23:30:00,13350.0
2020-03-14 00:30:00,6790.0
2020-03-14 01:30:00,6220.0
2020-03-14 02:30:00,4240.0
2020-03-14 03:30:00,4440.0
2020-03-14 04:30:00,3480.0
2020-03-14 05:30:00,4630.0
2020-03-14 06:30:00,4940.0
2020-03-14 07:30:00,7100.0
2020-03-14 08:30:00,11610.0
2020-03-14 09:30:00,13930.0
2020-03-14 10:30:00,13630.0
2020-03-14 11:30:00,18240.0
2020-03-14 12:30:00,13570.0
2020-03-14 13:30:00,14830.0
2020-03-14 14:30:00,13330.0
2020-03-14 15:30:00,15610.0
2020-03-14 16:30:00,10850.0
2020-03-14 17:30:00,15690.0
2020-03-14 18:30:00,10120.0
2020-03-14 19:30:00,5900.0
2020-03-14 20:30:00,7330.0
2020-03-14 21:30:00,6690.0
2020-03-14 22:30:00,7290.0
2020-03-14 23:30:00,3690.0
2020-03-15 00:30:00,2610.0
2020-03-15 01:30:00,2890.0
2020-03-15 02:30:00,2010.0
2020-03-15 03:30:00,1020.0
2020-03-15 04:30:00,1540.0
2020-03-15 05:30:00,1290.0
2020-03-15 06:30:00,1710.0
2020-03-15 07:30:00,7120.0
2020-03-15 08:30:00,6010.0
2020-03-15 09:30:00,13140.0
2020-03-15 10:30:00,8100.0
2020-03-15 11:30:00,9640.0
2020-03-15 12:30:00,10420.0
2020-03-15 13:30:00,13440.0
2020-03-15 14:30:00,15870.0
2020-03-15 15:30:00,17180.0
2020-03-15 16:30:00,16130.0
2020-03-15 17:30:00,11310.0
2020-03-15 18:30:00,13410.0
2020-03-15 19:30:00,8410.0
2020-03-17 22:30:00,28990.0
2020-03-17 23:30:00,9870.0
2020-03-18 00:30:00,13570.0
2020-03-18 01:30:00,5430.0
2020-03-18 02:30:00,4150.0
2020-03-18 03:30:00,2040.0
2020-03-18 04:30:00,2690.0
2020-03-18 05:30:00,5340.0
2020-03-18 06:30:00,8590.0
2020-03-18 07:30:00,34200.0
2020-03-18 08:30:00,107420.0
2020-03-18 09:30:00,194450.0
2020-03-18 10:30:00,267980.0
2020-03-18 11:30:00,390880.0
2020-03-18 12:30:00,312340.0
2020-03-18 13:30:00,255030.0
2020-03-18 14:30:00,232530.0
2020-03-18 15:30:00,229870.0
2020-03-18 16:30:00,195170.0
2020-03-18 17:30:00,158560.0
2020-03-18 18:30:00,191930.0
2020-03-18 19:30:00,209770.0
2020-03-18 20:30:00,93780.0
2020-03-18 21:30:00,47780.0
2020-03-18 22:30:00,45350.0
2020-03-18 23:30:00,24810.0
2020-03-19 00:30:00,11910.0
2020-03-19 01:30:00,6740.0
2020-03-19 02:30:00,4080.0
2020-03-19 03:30:00,2540.0
2020-03-19 04:30:00,4480.0
2020-03-19 05:30:00,7070.0
2020-03-19 06:30:00,11780.0
2020-03-19 07:30:00,32890.0
2020-03-19 08:30:00,82500.0
2020-03-19 09:30:00,166390.0
2020-03-19 10:30:00,294750.0
2020-03-19 11:30:00,448970.0
2020-03-19 12:30:00,434320.0
2020-03-19 13:30:00,306880.0
2020-03-19 14:30:00,259870.0
2020-03-19 15:30:00,208850.0
2020-03-19 16:30:00,195750.0
2020-03-19 17:30:00,167400.0
2020-03-19 18:30:00,155110.0
2020-03-19 19:30:00,110000.0
2020-03-19 20:30:00,75600.0
2020-03-19 21:30:00,60470.0
2020-03-19 22:30:00,45090.0
2020-03-19 23:30:00,20410.0
2020-03-20 00:30:00,14500.0
2020-03-20 01:30:00,7330.0
2020-03-20 02:30:00,4620.0
2020-03-20 03:30:00,1380.0
2020-03-20 04:30:00,3340.0
2020-03-20 05:30:00,9550.0
2020-03-20 06:30:00,15240.0
2020-03-20 07:30:00,47590.0
2020-03-20 08:30:00,111500.0
2020-03-20 09:30:00,273290.0
2020-03-20 10:30:00,359370.0
2020-03-20 11:30:00,368060.0
2020-03-20 12:30:00,264420.0
2020-03-20 13:30:00,243790.0
2020-03-20 14:30:00,298880.0
2020-03-20 15:30:00,290980.0
2020-03-20 16:30:00,256800.0
2020-03-20 17:30:00,219040.0
2020-03-20 18:30:00,173330.0
2020-03-20 19:30:00,120260.0
2020-03-20 20:30:00,78820.0
2020-03-20 21:30:00,41870.0
2020-03-20 22:30:00,31900.0
2020-03-20 23:30:00,16220.0
2020-03-21 00:30:00,8100.0
2020-03-21 01:30:00,8320.0
2020-03-21 02:30:00,6990.0
2020-03-21 03:30:00,3030.0
2020-03-21 04:30:00,2790.0
2020-03-21 05:30:00,4800.0
2020-03-21 06:30:00,3870.0
2020-03-21 07:30:00,5400.0
2020-03-21 08:30:00,9320.0
2020-03-21 09:30:00,15450.0
2020-03-21 10:30:00,21160.0
2020-03-21 11:30:00,24170.0
2020-03-21 12:30:00,19800.0
2020-03-21 13:30:00,18160.0
2020-03-21 14:30:00,21040.0
2020-03-21 15:30:00,26530.0
2020-03-21 16:30:00,16430.0
2020-03-21 17:30:00,15010.0
2020-03-21 18:30:00,16540.0
2020-03-21 19:30:00,13560.0
2020-03-21 20:30:00,14060.0
2020-03-21 21:30:00,11210.0
2020-03-21 22:30:00,14490.0
2020-03-21 23:30:00,8150.0
2020-03-22 00:30:00,1910.0
2020-03-22 01:30:00,1220.0
2020-03-22 02:30:00,1680.0
2020-03-22 03:30:00,660.0
2020-03-22 04:30:00,820.0
2020-03-22 05:30:00,700.0
2020-03-22 06:30:00,1990.0
2020-03-22 07:30:00,11280.0
2020-03-22 08:30:00,10440.0
2020-03-22 09:30:00,14160.0
2020-03-22 10:30:00,22300.0
2020-03-22 11:30:00,21880.0
2020-03-22 12:30:00,31300.0
2020-03-22 13:30:00,13090.0
2020-03-22 14:30:00,17250.0
2020-03-22 15:30:00,19250.0
2020-03-22 16:30:00,13090.0
2020-03-22 17:30:00,25720.0
2020-03-22 18:30:00,22060.0
2020-03-22 19:30:00,30760.0
2020-03-22 20:30:00,20790.0
2020-03-22 21:30:00,20380.0
2020-03-22 22:30:00,21940.0
2020-03-22 23:30:00,17500.0
2020-03-23 00:00:00,17500.0
2020-03-23 00:30:00,8610.0
2020-03-23 01:30:00,6070.0
2020-03-23 02:30:00,430.0
2020-03-23 03:30:00,1420.0
2020-03-23 04:30:00,2690.0
2020-03-23 05:30:00,7060.0
2020-03-23 06:30:00,22750.0
2020-03-23 07:30:00,49300.0
2020-03-23 08:30:00,154590.0
2020-03-23 09:30:00,279340.0
2020-03-23 10:30:00,335920.0
2020-03-23 11:30:00,326510.0
2020-03-23 12:30:00,316910.0
2020-03-23 13:30:00,195440.0
2020-03-23 14:30:00,278980.0
2020-03-23 15:30:00,275350.0
2020-03-23 16:30:00,227210.0
2020-03-23 17:30:00,212290.0
2020-03-23 18:30:00,152910.0
2020-03-23 19:30:00,122360.0
2020-03-23 20:30:00,76230.0
2020-03-23 21:30:00,59290.0
2020-03-23 22:30:00,37420.0
2020-03-23 23:30:00,15310.0
2020-03-24 00:30:00,14620.0
2020-03-24 01:30:00,8060.0
2020-03-24 02:30:00,3110.0
2020-03-24 03:30:00,2700.0
2020-03-24 04:30:00,2450.0
2020-03-24 05:30:00,5960.0
2020-03-24 06:30:00,14610.0
2020-03-24 07:30:00,34710.0
2020-03-24 08:30:00,95930.0
2020-03-24 09:30:00,221490.0
2020-03-24 10:30:00,305710.0
2020-03-24 11:30:00,305080.0
2020-03-24 12:30:00,233100.0
2020-03-24 13:30:00,213170.0
2020-03-24 14:30:00,218430.0
2020-03-24 15:30:00,330430.0
2020-03-24 16:30:00,192010.0
2020-03-24 17:30:00,133130.0
2020-03-24 18:30:00,165330.0
2020-03-24 19:30:00,91030.0
2020-03-24 20:30:00,68090.0
2020-03-24 21:30:00,59990.0
2020-03-24 22:30:00,46730.0
2020-03-24 23:30:00,24860.0
2020-03-25 00:30:00,20660.0
2020-03-25 01:30:00,8530.0
2020-03-25 02:30:00,2750.0
2020-03-25 03:30:00,1730.0
2020-03-25 04:30:00,3260.0
2020-03-25 05:30:00,3980.0
2020-03-25 06:30:00,12430.0
2020-03-25 07:30:00,15760.0
2020-03-25 08:30:00,27010.0
2020-03-25 09:30:00,46740.0
2020-03-25 10:30:00,80260.0
2020-03-25 11:30:00,81840.0
2020-03-25 12:30:00,78540.0
2020-03-25 13:30:00,70230.0
2020-03-25 14:30:00,81210.0
2020-03-25 15:30:00,78810.0
2020-03-25 16:30:00,70160.0
2020-03-25 17:30:00,57550.0
2020-03-25 18:30:00,63030.0
2020-03-25 19:30:00,46060.0
2020-03-25 20:30:00,47960.0
2020-03-25 21:30:00,36430.0
2020-03-25 22:30:00,33050.0
2020-03-25 23:30:00,12040.0
2020-03-26 00:30:00,9040.0
2020-03-26 01:30:00,6970.0
2020-03-26 02:30:00,2340.0
2020-03-26 03:30:00,1260.0
2020-03-26 04:30:00,3180.0
2020-03-26 05:30:00,4570.0
2020-03-26 06:30:00,9300.0
2020-03-26 07:30:00,33830.0
2020-03-26 08:30:00,124430.0
2020-03-26 09:30:00,230010.0
2020-03-26 10:30:00,364450.0
2020-03-26 11:30:00,357220.0
2020-03-26 12:30:00,286410.0
2020-03-26 13:30:00,206000.0
2020-03-26 14:30:00,232390.0
2020-03-26 15:30:00,212420.0
2020-03-26 16:30:00,317380.0
2020-03-26 17:30:00,182230.0
2020-03-26 18:30:00,167940.0
2020-03-26 19:30:00,118000.0
2020-03-26 20:30:00,453280.0
2020-03-26 21:30:00,719250.0
2020-03-26 22:30:00,270660.0
2020-03-26 23:30:00,22180.0
2020-03-27 00:30:00,7310.0
2020-03-27 01:30:00,7530.0
2020-03-27 02:30:00,4690.0
2020-03-27 03:30:00,2030.0
2020-03-27 04:30:00,2210.0
2020-03-27 05:30:00,5220.0
2020-03-27 06:30:00,13260.0
2020-03-27 07:30:00,30450.0
2020-03-27 08:30:00,86970.0
2020-03-27 09:30:00,174130.0
2020-03-27 10:30:00,264610.0
2020-03-27 11:30:00,272610.0
2020-03-27 12:30:00,229720.0
2020-03-27 13:30:00,179230.0
2020-03-27 14:30:00,216360.0
2020-03-27 15:30:00,200360.0
2020-03-27 16:30:00,168670.0
2020-03-27 17:30:00,159840.0
2020-03-27 18:30:00,140590.0
2020-03-27 19:30:00,97620.0
2020-03-27 20:30:00,68760.0
2020-03-27 21:30:00,44840.0
2020-03-27 22:30:00,31230.0
2020-03-27 23:30:00,21960.0
2020-03-28 00:30:00,12040.0
2020-03-28 01:30:00,5770.0
2020-03-28 02:30:00,2860.0
2020-03-28 03:30:00,1110.0
2020-03-28 04:30:00,2340.0
2020-03-28 05:30:00,2780.0
2020-03-28 06:30:00,4290.0
2020-03-28 07:30:00,4380.0
2020-03-28 08:30:00,6970.0
2020-03-28 09:30:00,17000.0
2020-03-28 10:30:00,37260.0
2020-03-28 11:30:00,26800.0
2020-03-28 12:30:00,23310.0
2020-03-28 13:30:00,22310.0
2020-03-28 14:30:00,12130.0
2020-03-28 15:30:00,19470.0
2020-03-28 16:30:00,15140.0
2020-03-28 17:30:00,20640.0
2020-03-28 18:30:00,22390.0
2020-03-28 19:30:00,23080.0
2020-03-28 20:30:00,15910.0
2020-03-28 21:30:00,18320.0
2020-03-28 22:30:00,12630.0
2020-03-28 23:30:00,7850.0
2020-03-29 00:30:00,2130.0
2020-03-29 01:30:00,3230.0
2020-03-29 02:30:00,3000.0
2020-03-29 03:30:00,600.0
2020-03-29 04:30:00,890.0
2020-03-29 05:30:00,2080.0
2020-03-29 06:30:00,2680.0
2020-03-29 07:30:00,5430.0
2020-03-29 08:30:00,6430.0
2020-03-29 09:30:00,16920.0
2020-03-29 10:30:00,26140.0
2020-03-29 11:30:00,19850.0
2020-03-29 12:30:00,20460.0
2020-03-29 13:30:00,19700.0
2020-03-29 14:30:00,25120.0
2020-03-29 15:30:00,33320.0
2020-03-29 16:30:00,18760.0
2020-03-29 17:30:00,30740.0
2020-03-29 18:30:00,37770.0
2020-03-29 19:30:00,32640.0
2020-03-29 20:30:00,19390.0
2020-03-29 21:30:00,19290.0
2020-03-29 22:30:00,15270.0
2020-03-29 23:30:00,8700.0
2020-03-30 00:00:00,8700.0
2020-03-30 00:30:00,3450.0
2020-03-30 01:30:00,3080.0
2020-03-30 02:30:00,1680.0
2020-03-30 03:30:00,1080.0
2020-03-30 04:30:00,1170.0
2020-03-30 05:30:00,4840.0
2020-03-30 06:30:00,11690.0
2020-03-30 07:30:00,38620.0
2020-03-30 08:30:00,126650.0
2020-03-30 09:30:00,220550.0
2020-03-30 10:30:00,263880.0
2020-03-30 11:30:00,306580.0
2020-03-30 12:30:00,250110.0
2020-03-30 13:30:00,186130.0
2020-03-30 14:30:00,194030.0
2020-03-30 15:30:00,196460.0
2020-03-30 16:30:00,159260.0
2020-03-30 17:30:00,173520.0
2020-03-30 18:30:00,115270.0
2020-03-30 19:30:00,96310.0
2020-03-30 20:30:00,64160.0
2020-03-30 21:30:00,53750.0
2020-03-30 22:30:00,40360.0
2020-03-30 23:30:00,30340.0
2020-03-31 00:30:00,13490.0
2020-03-31 01:30:00,3770.0
2020-03-31 02:30:00,2500.0
2020-03-31 03:30:00,1460.0
2020-03-31 04:30:00,1580.0
2020-03-31 05:30:00,5500.0
2020-03-31 06:30:00,11740.0
2020-03-31 07:30:00,37270.0
2020-03-31 08:30:00,107570.0
2020-03-31 09:30:00,190570.0
2020-03-31 10:30:00,249050.0
2020-03-31 11:30:00,265100.0
2020-03-31 12:30:00,175340.0
2020-03-31 13:30:00,150320.0
2020-03-31 14:30:00,153200.0
2020-03-31 15:30:00,115860.0
2020-03-31 16:30:00,101160.0
2020-03-31 17:30:00,92040.0
2020-03-31 18:30:00,135000.0
2020-03-31 19:30:00,82420.0
2020-03-31 20:30:00,65120.0
2020-03-31 21:30:00,57840.0
2020-03-31 22:30:00,29130.0
2020-03-31 23:30:00,22650.0
2020-04-01 00:30:00,10630.0
2020-04-01 01:30:00,5680.0
2020-04-01 02:30:00,3120.0
2020-04-01 03:30:00,1940.0
2020-04-01 04:30:00,4170.0
2020-04-01 05:30:00,11440.0
2020-04-01 06:30:00,17470.0
2020-04-01 07:30:00,41250.0
2020-04-01 08:30:00,110390.0
2020-04-01 09:30:00,162420.0
2020-04-01 10:30:00,232990.0
2020-04-01 11:30:00,211660.0
2020-04-01 12:30:00,183380.0
2020-04-01 13:30:00,160110.0
2020-04-01 14:30:00,163120.0
2020-04-01 15:30:00,170520.0
2020-04-01 16:30:00,144440.0
2020-04-01 17:30:00,118910.0
2020-04-01 18:30:00,97410.0
2020-04-01 19:30:00,81920.0
2020-04-01 20:30:00,64890.0
2020-04-01 21:30:00,44220.0
2020-04-01 22:30:00,32770.0
2020-04-01 23:30:00,24030.0
2020-04-02 00:30:00,13180.0
2020-04-02 01:30:00,11350.0
2020-04-02 02:30:00,5650.0
2020-04-02 03:30:00,6370.0
2020-04-02 04:30:00,5970.0
2020-04-02 05:30:00,9350.0
2020-04-02 06:30:00,16750.0
2020-04-02 07:30:00,36420.0
2020-04-02 08:30:00,83550.0
2020-04-02 09:30:00,159060.0
2020-04-02 10:30:00,233720.0
2020-04-02 11:30:00,226810.0
2020-04-02 12:30:00,201010.0
2020-04-02 13:30:00,171370.0
2020-04-02 14:30:00,162170.0
2020-04-02 15:30:00,157650.0
2020-04-02 16:30:00,139850.0
2020-04-02 17:30:00,127820.0
2020-04-02 18:30:00,108000.0
2020-04-02 19:30:00,79570.0
2020-04-02 20:30:00,54160.0
2020-04-02 21:30:00,55840.0
2020-04-02 22:30:00,31190.0
2020-04-02 23:30:00,19710.0
2020-04-03 00:30:00,9230.0
2020-04-03 01:30:00,7680.0
2020-04-03 02:30:00,4140.0
2020-04-03 03:30:00,5160.0
2020-04-03 04:30:00,2830.0
2020-04-03 05:30:00,10250.0
2020-04-03 06:30:00,16540.0
2020-04-03 07:30:00,38820.0
2020-04-03 08:30:00,89920.0
2020-04-03 09:30:00,184240.0
2020-04-03 10:30:00,279960.0
2020-04-03 11:30:00,256270.0
2020-04-03 12:30:00,214160.0
2020-04-03 13:30:00,213170.0
2020-04-03 14:30:00,205640.0
2020-04-03 15:30:00,170310.0
2020-04-03 16:30:00,190440.0
2020-04-03 17:30:00,345200.0
2020-04-03 18:30:00,166430.0
2020-04-03 19:30:00,111090.0
2020-04-03 20:30:00,77320.0
2020-04-03 21:30:00,52620.0
2020-04-03 22:30:00,33630.0
2020-04-03 23:30:00,15090.0
2020-04-04 00:30:00,11410.0
2020-04-04 01:30:00,6920.0
2020-04-04 02:30:00,3440.0
2020-04-04 03:30:00,1550.0
2020-04-04 04:30:00,2800.0
2020-04-04 05:30:00,4500.0
2020-04-04 06:30:00,6610.0
2020-04-04 07:30:00,5500.0
2020-04-04 08:30:00,9480.0
2020-04-04 09:30:00,20340.0
2020-04-04 10:30:00,24570.0
2020-04-04 11:30:00,28480.0
2020-04-04 12:30:00,24180.0
2020-04-04 13:30:00,15020.0
2020-04-04 14:30:00,21270.0
2020-04-04 15:30:00,25460.0
2020-04-04 16:30:00,23020.0
2020-04-04 17:30:00,18790.0
2020-04-04 18:30:00,18440.0
2020-04-04 19:30:00,23880.0
2020-04-04 20:30:00,15070.0
2020-04-04 21:30:00,11400.0
2020-04-04 22:30:00,10020.0
2020-04-04 23:30:00,4430.0
2020-04-05 00:30:00,3930.0
2020-04-05 01:30:00,3560.0
2020-04-05 02:30:00,560.0
2020-04-05 03:30:00,1530.0
2020-04-05 04:30:00,600.0
2020-04-05 05:30:00,2520.0
2020-04-05 06:30:00,4090.0
2020-04-05 07:30:00,4460.0
2020-04-05 08:30:00,8540.0
2020-04-05 09:30:00,13700.0
2020-04-05 10:30:00,20760.0
2020-04-05 11:30:00,15720.0
2020-04-05 12:30:00,14040.0
2020-04-05 13:30:00,17480.0
2020-04-05 14:30:00,18740.0
2020-04-05 15:30:00,28570.0
2020-04-05 16:30:00,20960.0
2020-04-05 17:30:00,23180.0
2020-04-05 18:30:00,30930.0
2020-04-05 19:30:00,22630.0
2020-04-05 20:30:00,14840.0
2020-04-05 21:30:00,19720.0
2020-04-05 22:30:00,26110.0
2020-04-05 23:30:00,15640.0
2020-04-06 00:00:00,15640.0
2020-04-06 00:30:00,6870.0
2020-04-06 01:30:00,4130.0
2020-04-06 02:30:00,1860.0
2020-04-06 03:30:00,1500.0
2020-04-06 04:30:00,2000.0
2020-04-06 05:30:00,13070.0
2020-04-06 06:30:00,25740.0
2020-04-06 07:30:00,70880.0
2020-04-06 08:30:00,195130.0
2020-04-06 09:30:00,435290.0
2020-04-06 10:30:00,426400.0
2020-04-06 11:30:00,392840.0
2020-04-06 12:30:00,310540.0
2020-04-06 13:30:00,248970.0
2020-04-06 14:30:00,237350.0
2020-04-06 15:30:00,215900.0
2020-04-06 16:30:00,247490.0
2020-04-06 17:30:00,225360.0
2020-04-06 18:30:00,177150.0
2020-04-06 19:30:00,138250.0
2020-04-06 20:30:00,83370.0
2020-04-06 21:30:00,55640.0
2020-04-06 22:30:00,46070.0
2020-04-06 23:30:00,23480.0
2020-04-07 00:30:00,17760.0
2020-04-07 01:30:00,8220.0
2020-04-07 02:30:00,9110.0
2020-04-07 03:30:00,5240.0
2020-04-07 04:30:00,4520.0
2020-04-07 05:30:00,6830.0
2020-04-07 06:30:00,15720.0
2020-04-07 07:30:00,41190.0
2020-04-07 08:30:00,113200.0
2020-04-07 09:30:00,203800.0
2020-04-07 10:30:00,256960.0
2020-04-07 11:30:00,278850.0
2020-04-07 12:30:00,235660.0
2020-04-07 13:30:00,198740.0
2020-04-07 14:30:00,242280.0
2020-04-07 15:30:00,242120.0
2020-04-07 16:30:00,368390.0
2020-04-07 17:30:00,236900.0
2020-04-07 18:30:00,150000.0
2020-04-07 19:30:00,114220.0
2020-04-07 20:30:00,71210.0
2020-04-07 21:30:00,57790.0
2020-04-07 22:30:00,36090.0
2020-04-07 23:30:00,19620.0
2020-04-08 00:30:00,11970.0
2020-04-08 01:30:00,6890.0
2020-04-08 02:30:00,3210.0
2020-04-08 03:30:00,3390.0
2020-04-08 04:30:00,4620.0
2020-04-08 05:30:00,8840.0
2020-04-08 06:30:00,15880.0
2020-04-08 07:30:00,32820.0
2020-04-08 08:30:00,97020.0
2020-04-08 09:30:00,171020.0
2020-04-08 10:30:00,239670.0
2020-04-08 11:30:00,243790.0
2020-04-08 12:30:00,210270.0
2020-04-08 13:30:00,180770.0
2020-04-08 14:30:00,196380.0
2020-04-08 15:30:00,161020.0
2020-04-08 16:30:00,170860.0
2020-04-08 17:30:00,138620.0
2020-04-08 18:30:00,122980.0
2020-04-08 19:30:00,94150.0
2020-04-08 20:30:00,49940.0
2020-04-08 21:30:00,45010.0
2020-04-08 22:30:00,33630.0
2020-04-08 23:30:00,24210.0
2020-04-09 00:30:00,12030.0
2020-04-09 01:30:00,8410.0
2020-04-09 02:30:00,7620.0
2020-04-09 03:30:00,3880.0
2020-04-09 04:30:00,2670.0
2020-04-09 05:30:00,6550.0
2020-04-09 06:30:00,14290.0
2020-04-09 07:30:00,27840.0
2020-04-09 08:30:00,78820.0
2020-04-09 09:30:00,136880.0
2020-04-09 10:30:00,205130.0
2020-04-09 11:30:00,346890.0
2020-04-09 12:30:00,262820.0
2020-04-09 13:30:00,161200.0
2020-04-09 14:30:00,145640.0
2020-04-09 15:30:00,195360.0
2020-04-09 16:30:00,193190.0
2020-04-09 17:30:00,165460.0
2020-04-09 18:30:00,138880.0
2020-04-09 19:30:00,114050.0
2020-04-09 20:30:00,61010.0
2020-04-09 21:30:00,50950.0
2020-04-09 22:30:00,27810.0
2020-04-09 23:30:00,18770.0
2020-04-10 00:30:00,11860.0
2020-04-10 01:30:00,9040.0
2020-04-10 02:30:00,5850.0
2020-04-10 03:30:00,3710.0
2020-04-10 04:30:00,5660.0
2020-04-10 05:30:00,6040.0
2020-04-10 06:30:00,13480.0
2020-04-10 07:30:00,35730.0
2020-04-10 08:30:00,95340.0
2020-04-10 09:30:00,185720.0
2020-04-10 10:30:00,242060.0
2020-04-10 11:30:00,254550.0
2020-04-10 12:30:00,263660.0
2020-04-10 13:30:00,281600.0
2020-04-10 14:30:00,182070.0
2020-04-10 15:30:00,191720.0
2020-04-10 16:30:00,205640.0
2020-04-10 17:30:00,180930.0
2020-04-10 18:30:00,174180.0
2020-04-10 19:30:00,145730.0
2020-04-10 20:30:00,94790.0
2020-04-10 21:30:00,62050.0
2020-04-10 22:30:00,42620.0
2020-04-10 23:30:00,17750.0
2020-04-11 00:30:00,12770.0
2020-04-11 01:30:00,10130.0
2020-04-11 02:30:00,4270.0
2020-04-11 03:30:00,3580.0
2020-04-11 04:30:00,1930.0
2020-04-11 05:30:00,5370.0
2020-04-11 06:30:00,8710.0
2020-04-11 07:30:00,8430.0
2020-04-11 08:30:00,14910.0
2020-04-11 09:30:00,21910.0
2020-04-11 10:30:00,30060.0
2020-04-11 11:30:00,39710.0
2020-04-11 12:30:00,25120.0
2020-04-11 13:30:00,23080.0
2020-04-11 14:30:00,24540.0
2020-04-11 15:30:00,17680.0
2020-04-11 16:30:00,19680.0
2020-04-11 17:30:00,19100.0
2020-04-11 18:30:00,24610.0
2020-04-11 19:30:00,20260.0
2020-04-11 20:30:00,18680.0
2020-04-11 21:30:00,17350.0
2020-04-11 22:30:00,11690.0
2020-04-11 23:30:00,12910.0
2020-04-12 00:30:00,6690.0
2020-04-12 01:30:00,980.0
2020-04-12 02:30:00,1240.0
2020-04-12 03:30:00,1480.0
2020-04-12 04:30:00,1440.0
2020-04-12 05:30:00,2960.0
2020-04-12 06:30:00,2140.0
2020-04-12 07:30:00,8510.0
2020-04-12 08:30:00,6960.0
2020-04-12 09:30:00,14000.0
2020-04-12 10:30:00,20430.0
2020-04-12 11:30:00,29620.0
2020-04-12 12:30:00,21860.0
2020-04-12 13:30:00,14080.0
2020-04-12 14:30:00,19420.0
2020-04-12 15:30:00,15730.0
2020-04-12 16:30:00,20790.0
2020-04-12 17:30:00,21520.0
2020-04-12 18:30:00,37900.0
2020-04-12 19:30:00,30410.0
2020-04-12 20:30:00,28780.0
2020-04-12 21:30:00,16630.0
2020-04-12 22:30:00,16330.0
2020-04-12 23:30:00,16510.0
2020-04-13 00:00:00,16510.0
2020-04-13 00:30:00,7360.0
2020-04-13 01:30:00,5470.0
2020-04-13 02:30:00,5740.0
2020-04-13 03:30:00,2600.0
2020-04-13 04:30:00,2550.0
2020-04-13 05:30:00,10380.0
2020-04-13 06:30:00,17870.0
2020-04-13 07:30:00,75420.0
2020-04-13 08:30:00,183760.0
2020-04-13 09:30:00,267170.0
2020-04-13 10:30:00,250060.0
2020-04-13 11:30:00,237030.0
2020-04-13 12:30:00,262370.0
2020-04-13 13:30:00,277900.0
2020-04-13 14:30:00,222000.0
2020-04-13 15:30:00,205430.0
2020-04-13 16:30:00,201650.0
2020-04-13 17:30:00,234580.0
2020-04-13 18:30:00,188420.0
2020-04-13 19:30:00,162510.0
2020-04-13 20:30:00,115000.0
2020-04-13 21:30:00,85840.0
2020-04-13 22:30:00,56880.0
2020-04-13 23:30:00,31670.0
2020-04-14 00:30:00,13400.0
2020-04-14 01:30:00,10760.0
2020-04-14 02:30:00,7730.0
2020-04-14 03:30:00,3930.0
2020-04-14 04:30:00,9570.0
2020-04-14 05:30:00,12560.0
2020-04-14 06:30:00,19640.0
2020-04-14 07:30:00,45190.0
2020-04-14 08:30:00,135050.0
2020-04-14 09:30:00,242480.0
2020-04-14 10:30:00,378890.0
2020-04-14 11:30:00,466020.0
2020-04-14 12:30:00,317190.0
2020-04-14 13:30:00,357770.0
2020-04-14 14:30:00,304950.0
2020-04-14 15:30:00,278550.0
2020-04-14 16:30:00,255140.0
2020-04-14 17:30:00,170940.0
2020-04-14 18:30:00,140030.0
2020-04-14 19:30:00,121910.0
2020-04-14 20:30:00,88560.0
2020-04-14 21:30:00,58620.0
2020-04-14 22:30:00,37710.0
2020-04-14 23:30:00,21930.0
2020-04-15 00:30:00,16600.0
2020-04-15 01:30:00,11880.0
2020-04-15 02:30:00,4490.0
2020-04-15 03:30:00,2940.0
2020-04-15 04:30:00,6320.0
2020-04-15 05:30:00,8530.0
2020-04-15 06:30:00,20620.0
2020-04-15 07:30:00,34050.0
2020-04-15 08:30:00,103170.0
2020-04-15 09:30:00,221590.0
2020-04-15 10:30:00,284580.0
2020-04-15 11:30:00,342240.0
2020-04-15 12:30:00,298460.0
2020-04-15 13:30:00,259700.0
2020-04-15 14:30:00,291670.0
2020-04-15 15:30:00,322460.0
2020-04-15 16:30:00,280920.0
2020-04-15 17:30:00,211040.0
2020-04-15 18:30:00,193620.0
2020-04-15 19:30:00,130490.0
2020-04-15 20:30:00,98980.0
2020-04-15 21:30:00,59040.0
2020-04-15 22:30:00,42710.0
2020-04-15 23:30:00,19650.0
2020-04-16 00:30:00,9340.0
2020-04-16 01:30:00,7270.0
2020-04-16 02:30:00,5520.0
2020-04-16 03:30:00,2760.0
2020-04-16 04:30:00,3760.0
2020-04-16 05:30:00,4920.0
2020-04-16 06:30:00,10560.0
2020-04-16 07:30:00,44820.0
2020-04-16 08:30:00,98270.0
2020-04-16 09:30:00,205790.0
2020-04-16 10:30:00,383240.0
2020-04-16 11:30:00,417840.0
2020-04-16 12:30:00,302830.0
2020-04-16 13:30:00,254180.0
2020-04-16 14:30:00,264990.0
2020-04-16 15:30:00,267850.0
2020-04-16 16:30:00,289280.0
2020-04-16 17:30:00,197740.0
2020-04-16 18:30:00,171640.0
2020-04-16 19:30:00,141260.0
2020-04-16 20:30:00,94620.0
2020-04-16 21:30:00,59220.0
2020-04-16 22:30:00,33340.0
2020-04-16 23:30:00,26030.0
2020-04-17 00:30:00,11290.0
2020-04-17 01:30:00,8090.0
2020-04-17 02:30:00,5110.0
2020-04-17 03:30:00,2170.0
2020-04-17 04:30:00,2150.0
2020-04-17 05:30:00,8260.0
2020-04-17 06:30:00,12020.0
2020-04-17 07:30:00,36810.0
2020-04-17 08:30:00,109660.0
2020-04-17 09:30:00,198290.0
2020-04-17 10:30:00,438960.0
2020-04-17 11:30:00,510080.0
2020-04-17 12:30:00,393840.0
2020-04-17 13:30:00,322060.0
2020-04-17 14:30:00,309790.0
2020-04-17 15:30:00,293970.0
2020-04-17 16:30:00,265690.0
2020-04-17 17:30:00,232070.0
2020-04-17 18:30:00,195170.0
2020-04-17 19:30:00,132720.0
2020-04-17 20:30:00,102140.0
2020-04-17 21:30:00,199790.0
2020-04-17 22:30:00,119210.0
2020-04-17 23:30:00,22630.0
2020-04-18 00:30:00,8510.0
2020-04-18 01:30:00,6520.0
2020-04-18 02:30:00,2140.0
2020-04-18 03:30:00,2060.0
2020-04-18 04:30:00,3620.0
2020-04-18 05:30:00,5240.0
2020-04-18 06:30:00,6520.0
2020-04-18 07:30:00,11070.0
2020-04-18 08:30:00,12790.0
2020-04-18 09:30:00,24330.0
2020-04-18 10:30:00,29940.0
2020-04-18 11:30:00,44900.0
2020-04-18 12:30:00,21230.0
2020-04-18 13:30:00,26440.0
2020-04-18 14:30:00,26880.0
2020-04-18 15:30:00,33970.0
2020-04-18 16:30:00,31400.0
2020-04-18 17:30:00,19800.0
2020-04-18 18:30:00,25430.0
2020-04-18 19:30:00,20920.0
2020-04-18 20:30:00,19760.0
2020-04-18 21:30:00,15060.0
2020-04-18 22:30:00,16540.0
2020-04-18 23:30:00,6810.0
2020-04-19 00:30:00,7230.0
2020-04-19 01:30:00,2020.0
2020-04-19 02:30:00,1000.0
2020-04-19 03:30:00,1030.0
2020-04-19 04:30:00,590.0
2020-04-19 05:30:00,1980.0
2020-04-19 06:30:00,5280.0
2020-04-19 07:30:00,9050.0
2020-04-19 08:30:00,10040.0
2020-04-19 09:30:00,12590.0
2020-04-19 10:30:00,18840.0
2020-04-19 11:30:00,25080.0
2020-04-19 12:30:00,18870.0
2020-04-19 13:30:00,22740.0
2020-04-19 14:30:00,19350.0
2020-04-19 15:30:00,21740.0
2020-04-19 16:30:00,31790.0
2020-04-19 17:30:00,37430.0
2020-04-19 18:30:00,36510.0
2020-04-19 19:30:00,41020.0
2020-04-19 20:30:00,24810.0
2020-04-19 21:30:00,28200.0
2020-04-19 22:30:00,27630.0
2020-04-19 23:30:00,19970.0
2020-04-20 00:00:00,19970.0
2020-04-20 00:30:00,5620.0
2020-04-20 01:30:00,5220.0
2020-04-20 02:30:00,2420.0
2020-04-20 03:30:00,1110.0
2020-04-20 04:30:00,2230.0
2020-04-20 05:30:00,8960.0
2020-04-20 06:30:00,20090.0
2020-04-20 07:30:00,71430.0
2020-04-20 08:30:00,190050.0
2020-04-20 09:30:00,294420.0
2020-04-20 10:30:00,416550.0
2020-04-20 11:30:00,428400.0
2020-04-20 12:30:00,350760.0
2020-04-20 13:30:00,267420.0
2020-04-20 14:30:00,287040.0
2020-04-20 15:30:00,317620.0
2020-04-20 16:30:00,307740.0
2020-04-20 17:30:00,218480.0
2020-04-20 18:30:00,192440.0
2020-04-20 19:30:00,154460.0
2020-04-20 20:30:00,97850.0
2020-04-20 21:30:00,79020.0
2020-04-20 22:30:00,44510.0
2020-04-20 23:30:00,31820.0
2020-04-21 00:30:00,19820.0
2020-04-21 01:30:00,7820.0
2020-04-21 02:30:00,3030.0
2020-04-21 03:30:00,2390.0
2020-04-21 04:30:00,3640.0
2020-04-21 05:30:00,11290.0
2020-04-21 06:30:00,15520.0
2020-04-21 07:30:00,42620.0
2020-04-21 08:30:00,99750.0
2020-04-21 09:30:00,210190.0
2020-04-21 10:30:00,340570.0
2020-04-21 11:30:00,314660.0
2020-04-21 12:30:00,259290.0
2020-04-21 13:30:00,244140.0
2020-04-21 14:30:00,298570.0
2020-04-21 15:30:00,275400.0
2020-04-21 16:30:00,273590.0
2020-04-21 17:30:00,224030.0
2020-04-21 18:30:00,215010.0
2020-04-21 19:30:00,167140.0
2020-04-21 20:30:00,97700.0
2020-04-21 21:30:00,81860.0
2020-04-21 22:30:00,45760.0
2020-04-21 23:30:00,24100.0
2020-04-22 00:30:00,12090.0
2020-04-22 01:30:00,16590.0
2020-04-22 02:30:00,10480.0
2020-04-22 03:30:00,14450.0
2020-04-22 04:30:00,3890.0
2020-04-22 05:30:00,8000.0
2020-04-22 06:30:00,14250.0
2020-04-22 07:30:00,37450.0
2020-04-22 08:30:00,99970.0
2020-04-22 09:30:00,212010.0
2020-04-22 10:30:00,303420.0
2020-04-22 11:30:00,364470.0
2020-04-22 12:30:00,269110.0
2020-04-22 13:30:00,252000.0
2020-04-22 14:30:00,239140.0
2020-04-22 15:30:00,230210.0
2020-04-22 16:30:00,225390.0
2020-04-22 17:30:00,201840.0
2020-04-22 18:30:00,190350.0
2020-04-22 19:30:00,144900.0
2020-04-22 20:30:00,87600.0
2020-04-22 21:30:00,74770.0
2020-04-22 22:30:00,60310.0
2020-04-22 23:30:00,35990.0
2020-04-23 00:30:00,25270.0
2020-04-23 01:30:00,9020.0
2020-04-23 02:30:00,3840.0
2020-04-23 03:30:00,2560.0
2020-04-23 04:30:00,2420.0
2020-04-23 05:30:00,7040.0
2020-04-23 06:30:00,13630.0
2020-04-23 07:30:00,31560.0
2020-04-23 08:30:00,89370.0
2020-04-23 09:30:00,188160.0
2020-04-23 10:30:00,233040.0
2020-04-23 11:30:00,260770.0
2020-04-23 12:30:00,224870.0
2020-04-23 13:30:00,209740.0
2020-04-23 14:30:00,235980.0
2020-04-23 15:30:00,227850.0
2020-04-23 16:30:00,217890.0
2020-04-23 17:30:00,186390.0
2020-04-23 18:30:00,160400.0
2020-04-23 19:30:00,105920.0
2020-04-23 20:30:00,84350.0
2020-04-23 21:30:00,79640.0
2020-04-23 22:30:00,33490.0
2020-04-23 23:30:00,23180.0
2020-04-24 00:30:00,16520.0
2020-04-24 01:30:00,11860.0
2020-04-24 02:30:00,3030.0
2020-04-24 03:30:00,4500.0
2020-04-24 04:30:00,4860.0
2020-04-24 05:30:00,10790.0
2020-04-24 06:30:00,11780.0
2020-04-24 07:30:00,37190.0
2020-04-24 08:30:00,102520.0
2020-04-24 09:30:00,202640.0
2020-04-24 10:30:00,334220.0
2020-04-24 11:30:00,351110.0
2020-04-24 12:30:00,283430.0
2020-04-24 13:30:00,256460.0
2020-04-24 14:30:00,283470.0
2020-04-24 15:30:00,277720.0
2020-04-24 16:30:00,242760.0
2020-04-24 17:30:00,214330.0
2020-04-24 18:30:00,197890.0
2020-04-24 19:30:00,134930.0
2020-04-24 20:30:00,79810.0
2020-04-24 21:30:00,64690.0
2020-04-24 22:30:00,36310.0
2020-04-24 23:30:00,31870.0
2020-04-25 00:30:00,25000.0
2020-04-25 01:30:00,18980.0
2020-04-25 02:30:00,13350.0
2020-04-25 03:30:00,2480.0
2020-04-25 04:30:00,2100.0
2020-04-25 05:30:00,2910.0
2020-04-25 06:30:00,5910.0
2020-04-25 07:30:00,6420.0
2020-04-25 08:30:00,11000.0
2020-04-25 09:30:00,22150.0
2020-04-25 10:30:00,31820.0
2020-04-25 11:30:00,38150.0
2020-04-25 12:30:00,38940.0
2020-04-25 13:30:00,29050.0
2020-04-25 14:30:00,29400.0
2020-04-25 15:30:00,27760.0
2020-04-25 16:30:00,12900.0
2020-04-25 17:30:00,14780.0
2020-04-25 18:30:00,25540.0
2020-04-25 19:30:00,28150.0
2020-04-25 20:30:00,25390.0
2020-04-25 21:30:00,23350.0
2020-04-25 22:30:00,16750.0
2020-04-25 23:30:00,17400.0
2020-04-26 00:30:00,12030.0
2020-04-26 01:30:00,9730.0
2020-04-26 02:30:00,8490.0
2020-04-26 03:30:00,1140.0
2020-04-26 04:30:00,1270.0
2020-04-26 05:30:00,2420.0
2020-04-26 06:30:00,3140.0
2020-04-26 07:30:00,4760.0
2020-04-26 08:30:00,6200.0
2020-04-26 09:30:00,9980.0
2020-04-26 10:30:00,17020.0
2020-04-26 11:30:00,22760.0
2020-04-26 12:30:00,21810.0
2020-04-26 13:30:00,23820.0
2020-04-26 14:30:00,26970.0
2020-04-26 15:30:00,30540.0
2020-04-26 16:30:00,32750.0
2020-04-26 17:30:00,26170.0
2020-04-26 18:30:00,32770.0
2020-04-26 19:30:00,29970.0
2020-04-26 20:30:00,31850.0
2020-04-26 21:30:00,35040.0
2020-04-26 22:30:00,24800.0
2020-04-26 23:30:00,19880.0
2020-04-27 00:00:00,19880.0
2020-04-27 00:30:00,9800.0
2020-04-27 01:30:00,2270.0
2020-04-27 02:30:00,2250.0
2020-04-27 03:30:00,2180.0
2020-04-27 04:30:00,3790.0
2020-04-27 05:30:00,4750.0
2020-04-27 06:30:00,15050.0
2020-04-27 07:30:00,47260.0
2020-04-27 08:30:00,145950.0
2020-04-27 09:30:00,274570.0
2020-04-27 10:30:00,321270.0
2020-04-27 11:30:00,327760.0
2020-04-27 12:30:00,284660.0
2020-04-27 13:30:00,235270.0
2020-04-27 14:30:00,231940.0
2020-04-27 15:30:00,243260.0
2020-04-27 16:30:00,261370.0
2020-04-27 17:30:00,221130.0
2020-04-27 18:30:00,196140.0
2020-04-27 19:30:00,130850.0
2020-04-27 20:30:00,96860.0
2020-04-27 21:30:00,71020.0
2020-04-27 22:30:00,58730.0
2020-04-27 23:30:00,48570.0
2020-04-28 00:30:00,34410.0
2020-04-28 01:30:00,25960.0
2020-04-28 02:30:00,21530.0
2020-04-28 03:30:00,9300.0
2020-04-28 04:30:00,23860.0
2020-04-28 05:30:00,37930.0
2020-04-28 06:30:00,37650.0
2020-04-28 07:30:00,52670.0
2020-04-28 08:30:00,120110.0
2020-04-28 09:30:00,112280.0
2020-04-28 10:30:00,237540.0
2020-04-28 11:30:00,399940.0
2020-04-28 12:30:00,302400.0
2020-04-28 13:30:00,239030.0
2020-04-28 14:30:00,257190.0
2020-04-28 15:30:00,220230.0
2020-04-28 16:30:00,207760.0
2020-04-28 17:30:00,169370.0
2020-04-28 18:30:00,120880.0
2020-04-28 19:30:00,103940.0
2020-04-28 20:30:00,79690.0
2020-04-28 21:30:00,87380.0
2020-04-28 22:30:00,70830.0
2020-04-28 23:30:00,58310.0
2020-04-29 00:30:00,31630.0
2020-04-29 01:30:00,25460.0
2020-04-29 02:30:00,17490.0
2020-04-29 03:30:00,4770.0
2020-04-29 04:30:00,3620.0
2020-04-29 05:30:00,4840.0
2020-04-29 06:30:00,8960.0
2020-04-29 07:30:00,30580.0
2020-04-29 08:30:00,79980.0
2020-04-29 09:30:00,187690.0
2020-04-29 10:30:00,349830.0
2020-04-29 11:30:00,242280.0
2020-04-29 12:30:00,219720.0
2020-04-29 13:30:00,209740.0
2020-04-29 14:30:00,243700.0
2020-04-29 15:30:00,240190.0
2020-04-29 16:30:00,193330.0
2020-04-29 17:30:00,136990.0
2020-04-29 18:30:00,109050.0
2020-04-29 19:30:00,78670.0
2020-04-29 20:30:00,45900.0
2020-04-29 21:30:00,36790.0
2020-04-29 22:30:00,24230.0
2020-04-29 23:30:00,15910.0
2020-04-30 00:30:00,7510.0
2020-04-30 01:30:00,3240.0
2020-04-30 02:30:00,3160.0
2020-04-30 03:30:00,1890.0
2020-04-30 04:30:00,3010.0
2020-04-30 05:30:00,6850.0
2020-04-30 06:30:00,8400.0
2020-04-30 07:30:00,21540.0
2020-04-30 08:30:00,39830.0
2020-04-30 09:30:00,78830.0
2020-04-30 10:30:00,89400.0
2020-04-30 11:30:00,100850.0
2020-04-30 12:30:00,75130.0
2020-04-30 13:30:00,83560.0
2020-04-30 14:30:00,87760.0
2020-04-30 15:30:00,93360.0
2020-04-30 16:30:00,81080.0
2020-04-30 17:30:00,59570.0
2020-04-30 18:30:00,63800.0
2020-04-30 19:30:00,46860.0
2020-04-30 20:30:00,39050.0
2020-04-30 21:30:00,29510.0
2020-04-30 22:30:00,20920.0
2020-04-30 23:30:00,23100.0
2020-05-01 00:30:00,10560.0
2020-05-01 01:30:00,8060.0
2020-05-01 02:30:00,3440.0
2020-05-01 03:30:00,4000.0
2020-05-01 04:30:00,5650.0
2020-05-01 05:30:00,6490.0
2020-05-01 06:30:00,15000.0
2020-05-01 07:30:00,13610.0
2020-05-01 08:30:00,23020.0
2020-05-01 09:30:00,39330.0
2020-05-01 10:30:00,53550.0
2020-05-01 11:30:00,70370.0
2020-05-01 12:30:00,52300.0
2020-05-01 13:30:00,48680.0
2020-05-01 14:30:00,50120.0
2020-05-01 15:30:00,44560.0
2020-05-01 16:30:00,52160.0
2020-05-01 17:30:00,43880.0
2020-05-01 18:30:00,47370.0
2020-05-01 19:30:00,39520.0
2020-05-01 20:30:00,33770.0
2020-05-01 21:30:00,23210.0
2020-05-01 22:30:00,24170.0
2020-05-01 23:30:00,10140.0
2020-05-02 00:30:00,3890.0
2020-05-02 01:30:00,3390.0
2020-05-02 02:30:00,6170.0
2020-05-02 03:30:00,2130.0
2020-05-02 04:30:00,3210.0
2020-05-02 05:30:00,7160.0
2020-05-02 06:30:00,8970.0
2020-05-02 07:30:00,8660.0
2020-05-02 08:30:00,15180.0
2020-05-02 09:30:00,21330.0
2020-05-02 10:30:00,32500.0
2020-05-02 11:30:00,25650.0
2020-05-02 12:30:00,27980.0
2020-05-02 13:30:00,20850.0
2020-05-02 14:30:00,22500.0
2020-05-02 15:30:00,16090.0
2020-05-02 16:30:00,17030.0
2020-05-02 17:30:00,15810.0
2020-05-02 18:30:00,18140.0
2020-05-02 19:30:00,18540.0
2020-05-02 20:30:00,17290.0
2020-05-02 21:30:00,12000.0
2020-05-02 22:30:00,9790.0
2020-05-02 23:30:00,5310.0
2020-05-03 00:30:00,4530.0
2020-05-03 01:30:00,3530.0
2020-05-03 02:30:00,2300.0
2020-05-03 03:30:00,1690.0
2020-05-03 04:30:00,1940.0
2020-05-03 05:30:00,4440.0
2020-05-03 06:30:00,3800.0
2020-05-03 07:30:00,7420.0
2020-05-03 08:30:00,9090.0
2020-05-03 09:30:00,15150.0
2020-05-03 10:30:00,19760.0
2020-05-03 11:30:00,17800.0
2020-05-03 12:30:00,17900.0
2020-05-03 13:30:00,17230.0
2020-05-03 14:30:00,21600.0
2020-05-03 15:30:00,23060.0
2020-05-03 16:30:00,21940.0
2020-05-03 17:30:00,21570.0
2020-05-03 18:30:00,35230.0
2020-05-03 19:30:00,29030.0
2020-05-03 20:30:00,23980.0
2020-05-03 21:30:00,18800.0
2020-05-03 22:30:00,23710.0
2020-05-03 23:30:00,8990.0
2020-05-04 00:00:00,8990.0
2020-05-04 00:30:00,5690.0
2020-05-04 01:30:00,3590.0
2020-05-04 02:30:00,2750.0
2020-05-04 03:30:00,3830.0
2020-05-04 04:30:00,2530.0
2020-05-04 05:30:00,7690.0
2020-05-04 06:30:00,27520.0
2020-05-04 07:30:00,68090.0
2020-05-04 08:30:00,189680.0
2020-05-04 09:30:00,333010.0
2020-05-04 10:30:00,363490.0
2020-05-04 11:30:00,373310.0
2020-05-04 12:30:00,299600.0
2020-05-04 13:30:00,309580.0
2020-05-04 14:30:00,284480.0
2020-05-04 15:30:00,240260.0
2020-05-04 16:30:00,235840.0
2020-05-04 17:30:00,195750.0
2020-05-04 18:30:00,148170.0
2020-05-04 19:30:00,130000.0
2020-05-04 20:30:00,85970.0
2020-05-04 21:30:00,69720.0
2020-05-04 22:30:00,52310.0
2020-05-04 23:30:00,33380.0
2020-05-05 00:30:00,18450.0
2020-05-05 01:30:00,10140.0
2020-05-05 02:30:00,3370.0
2020-05-05 03:30:00,6860.0
2020-05-05 04:30:00,6890.0
2020-05-05 05:30:00,16070.0
2020-05-05 06:30:00,21140.0
2020-05-05 07:30:00,43430.0
2020-05-05 08:30:00,122370.0
2020-05-05 09:30:00,215070.0
2020-05-05 10:30:00,279030.0
2020-05-05 11:30:00,276990.0
2020-05-05 12:30:00,226920.0
2020-05-05 13:30:00,215600.0
2020-05-05 14:30:00,208070.0
2020-05-05 15:30:00,322810.0
2020-05-05 16:30:00,231670.0
2020-05-05 17:30:00,172870.0
2020-05-05 18:30:00,142000.0
2020-05-05 19:30:00,110240.0
2020-05-05 20:30:00,92980.0
2020-05-05 21:30:00,68300.0
2020-05-05 22:30:00,51970.0
2020-05-05 23:30:00,38030.0
2020-05-06 00:30:00,22920.0
2020-05-06 01:30:00,21230.0
2020-05-06 02:30:00,16600.0
2020-05-06 03:30:00,7840.0
2020-05-06 04:30:00,7830.0
2020-05-06 05:30:00,11960.0
2020-05-06 06:30:00,24370.0
2020-05-06 07:30:00,46680.0
2020-05-06 08:30:00,111990.0
2020-05-06 09:30:00,175930.0
2020-05-06 10:30:00,264010.0
2020-05-06 11:30:00,249440.0
2020-05-06 12:30:00,189830.0
2020-05-06 13:30:00,182830.0
2020-05-06 14:30:00,192640.0
2020-05-06 15:30:00,178680.0
2020-05-06 16:30:00,156590.0
2020-05-06 17:30:00,141980.0
2020-05-06 18:30:00,121780.0
2020-05-06 19:30:00,96340.0
2020-05-06 20:30:00,73840.0
2020-05-06 21:30:00,47510.0
2020-05-06 22:30:00,39660.0
2020-05-06 23:30:00,22810.0
2020-05-07 00:30:00,14490.0
2020-05-07 01:30:00,10190.0
2020-05-07 02:30:00,7640.0
2020-05-07 03:30:00,6240.0
2020-05-07 04:30:00,6360.0
2020-05-07 05:30:00,7350.0
2020-05-07 06:30:00,14480.0
2020-05-07 07:30:00,28040.0
2020-05-07 08:30:00,82970.0
2020-05-07 09:30:00,173620.0
2020-05-07 10:30:00,233310.0
2020-05-07 11:30:00,236440.0
2020-05-07 12:30:00,324390.0
2020-05-07 13:30:00,244270.0
2020-05-07 14:30:00,195570.0
2020-05-07 15:30:00,176840.0
2020-05-07 16:30:00,158940.0
2020-05-07 17:30:00,139890.0
2020-05-07 18:30:00,133050.0
2020-05-07 19:30:00,114220.0
2020-05-07 20:30:00,78650.0
2020-05-07 21:30:00,58220.0
2020-05-07 22:30:00,37630.0
2020-05-07 23:30:00,20640.0
2020-05-08 00:30:00,14550.0
2020-05-08 01:30:00,9380.0
2020-05-08 02:30:00,4550.0
2020-05-08 03:30:00,3660.0
2020-05-08 04:30:00,4500.0
2020-05-08 05:30:00,9970.0
2020-05-08 06:30:00,17950.0
2020-05-08 07:30:00,43250.0
2020-05-08 08:30:00,120110.0
2020-05-08 09:30:00,206210.0
2020-05-08 10:30:00,258550.0
2020-05-08 11:30:00,343670.0
2020-05-08 12:30:00,339370.0
2020-05-08 13:30:00,330540.0
2020-05-08 14:30:00,240890.0
2020-05-08 15:30:00,207390.0
2020-05-08 16:30:00,210590.0
2020-05-08 17:30:00,114840.0
2020-05-08 18:30:00,114180.0
2020-05-08 19:30:00,135520.0
2020-05-08 20:30:00,83170.0
2020-05-08 21:30:00,58660.0
2020-05-08 22:30:00,49600.0
2020-05-08 23:30:00,28640.0
2020-05-09 00:30:00,12840.0
2020-05-09 01:30:00,9510.0
2020-05-09 02:30:00,4250.0
2020-05-09 03:30:00,5510.0
2020-05-09 04:30:00,6140.0
2020-05-09 05:30:00,5000.0
2020-05-09 06:30:00,7800.0
2020-05-09 07:30:00,9810.0
2020-05-09 08:30:00,17350.0
2020-05-09 09:30:00,25390.0
2020-05-09 10:30:00,27330.0
2020-05-09 11:30:00,28180.0
2020-05-09 12:30:00,22340.0
2020-05-09 13:30:00,22420.0
2020-05-09 14:30:00,21570.0
2020-05-09 15:30:00,31760.0
2020-05-09 16:30:00,24550.0
2020-05-09 17:30:00,18090.0
2020-05-09 18:30:00,20670.0
2020-05-09 19:30:00,29200.0
2020-05-09 20:30:00,19410.0
2020-05-09 21:30:00,16370.0
2020-05-09 22:30:00,11640.0
2020-05-09 23:30:00,6340.0
2020-05-10 00:30:00,4440.0
2020-05-10 01:30:00,2570.0
2020-05-10 02:30:00,2170.0
2020-05-10 03:30:00,1890.0
2020-05-10 04:30:00,2690.0
2020-05-10 05:30:00,3760.0
2020-05-10 06:30:00,5370.0
2020-05-10 07:30:00,6820.0
2020-05-10 08:30:00,9350.0
2020-05-10 09:30:00,15330.0
2020-05-10 10:30:00,21350.0
2020-05-10 11:30:00,26180.0
2020-05-10 12:30:00,21480.0
2020-05-10 13:30:00,25240.0
2020-05-10 14:30:00,19400.0
2020-05-10 15:30:00,22190.0
2020-05-10 16:30:00,25240.0
2020-05-10 17:30:00,28340.0
2020-05-10 18:30:00,33710.0
2020-05-10 19:30:00,35960.0
2020-05-10 20:30:00,38510.0
2020-05-10 21:30:00,30750.0
2020-05-10 22:30:00,24910.0
2020-05-10 23:30:00,26140.0
2020-05-11 00:00:00,26140.0
2020-05-11 00:30:00,17290.0
2020-05-11 01:30:00,5100.0
2020-05-11 02:30:00,3130.0
2020-05-11 03:30:00,1550.0
2020-05-11 04:30:00,3640.0
2020-05-11 05:30:00,13490.0
2020-05-11 06:30:00,26290.0
2020-05-11 07:30:00,75650.0
2020-05-11 08:30:00,175640.0
2020-05-11 09:30:00,290460.0
2020-05-11 10:30:00,365270.0
2020-05-11 11:30:00,299140.0
2020-05-11 12:30:00,221220.0
2020-05-11 13:30:00,196520.0
2020-05-11 14:30:00,194240.0
2020-05-11 15:30:00,184010.0
2020-05-11 16:30:00,189320.0
2020-05-11 17:30:00,151470.0
2020-05-11 18:30:00,189510.0
2020-05-11 19:30:00,138530.0
2020-05-11 20:30:00,80700.0
2020-05-11 21:30:00,66870.0
2020-05-11 22:30:00,41840.0
2020-05-11 23:30:00,22540.0
2020-05-12 00:30:00,12330.0
2020-05-12 01:30:00,11300.0
2020-05-12 02:30:00,3590.0
2020-05-12 03:30:00,4830.0
2020-05-12 04:30:00,6530.0
2020-05-12 05:30:00,8820.0
2020-05-12 06:30:00,20470.0
2020-05-12 07:30:00,31800.0
2020-05-12 08:30:00,94580.0
2020-05-12 09:30:00,171400.0
2020-05-12 10:30:00,354840.0
2020-05-12 11:30:00,381400.0
2020-05-12 12:30:00,284720.0
2020-05-12 13:30:00,230170.0
2020-05-12 14:30:00,229150.0
2020-05-12 15:30:00,222310.0
2020-05-12 16:30:00,201680.0
2020-05-12 17:30:00,171730.0
2020-05-12 18:30:00,150950.0
2020-05-12 19:30:00,97860.0
2020-05-12 20:30:00,77010.0
2020-05-12 21:30:00,67850.0
2020-05-12 22:30:00,39130.0
2020-05-12 23:30:00,29390.0
2020-05-13 00:30:00,14710.0
2020-05-13 01:30:00,7070.0
2020-05-13 02:30:00,6120.0
2020-05-13 03:30:00,2840.0
2020-05-13 04:30:00,5560.0
2020-05-13 05:30:00,11520.0
2020-05-13 06:30:00,18150.0
2020-05-13 07:30:00,43890.0
2020-05-13 08:30:00,101020.0
2020-05-13 09:30:00,224320.0
2020-05-13 10:30:00,327610.0
2020-05-13 11:30:00,326090.0
2020-05-13 12:30:00,299440.0
2020-05-13 13:30:00,259770.0
2020-05-13 14:30:00,214910.0
2020-05-13 15:30:00,205390.0
2020-05-13 16:30:00,245030.0
2020-05-13 17:30:00,178400.0
2020-05-13 18:30:00,167130.0
2020-05-13 19:30:00,113000.0
2020-05-13 20:30:00,63930.0
2020-05-13 21:30:00,37750.0
2020-05-13 22:30:00,50050.0
2020-05-13 23:30:00,31800.0
2020-05-14 00:30:00,10310.0
2020-05-14 01:30:00,8720.0
2020-05-14 02:30:00,6410.0
2020-05-14 03:30:00,3470.0
2020-05-14 04:30:00,2630.0
2020-05-14 05:30:00,15190.0
2020-05-14 06:30:00,13430.0
2020-05-14 07:30:00,42050.0
2020-05-14 08:30:00,103650.0
2020-05-14 09:30:00,178190.0
2020-05-14 10:30:00,272980.0
2020-05-14 11:30:00,283640.0
2020-05-14 12:30:00,261930.0
2020-05-14 13:30:00,229700.0
2020-05-14 14:30:00,265160.0
2020-05-14 15:30:00,219990.0
2020-05-14 16:30:00,178510.0
2020-05-14 17:30:00,146380.0
2020-05-14 18:30:00,137460.0
2020-05-14 19:30:00,115320.0
2020-05-14 20:30:00,89660.0
2020-05-14 21:30:00,57310.0
2020-05-14 22:30:00,41050.0
2020-05-14 23:30:00,24580.0
2020-05-15 00:30:00,13640.0
2020-05-15 01:30:00,8480.0
2020-05-15 02:30:00,7620.0
2020-05-15 03:30:00,4120.0
2020-05-15 04:30:00,5150.0
2020-05-15 05:30:00,7840.0
2020-05-15 06:30:00,13330.0
2020-05-15 07:30:00,40540.0
2020-05-15 08:30:00,95680.0
2020-05-15 09:30:00,201640.0
2020-05-15 10:30:00,290010.0
2020-05-15 11:30:00,356230.0
2020-05-15 12:30:00,281410.0
2020-05-15 13:30:00,246840.0
2020-05-15 14:30:00,256650.0
2020-05-15 15:30:00,255100.0
2020-05-15 16:30:00,228430.0
2020-05-15 17:30:00,236440.0
2020-05-15 18:30:00,173510.0
2020-05-15 19:30:00,149660.0
2020-05-15 20:30:00,89880.0
2020-05-15 21:30:00,53540.0
2020-05-15 22:30:00,43870.0
2020-05-15 23:30:00,24140.0
2020-05-16 00:30:00,13610.0
2020-05-16 01:30:00,8450.0
2020-05-16 02:30:00,10660.0
2020-05-16 03:30:00,2630.0
2020-05-16 04:30:00,3420.0
2020-05-16 05:30:00,3810.0
2020-05-16 06:30:00,5960.0
2020-05-16 07:30:00,7780.0
2020-05-16 08:30:00,9040.0
2020-05-16 09:30:00,16180.0
2020-05-16 10:30:00,21420.0
2020-05-16 11:30:00,21670.0
2020-05-16 12:30:00,13770.0
2020-05-16 13:30:00,22250.0
2020-05-16 14:30:00,16890.0
2020-05-16 15:30:00,13640.0
2020-05-16 16:30:00,11460.0
2020-05-16 17:30:00,12640.0
2020-05-16 18:30:00,15490.0
2020-05-16 19:30:00,15980.0
2020-05-16 20:30:00,11570.0
2020-05-16 21:30:00,8870.0
2020-05-16 22:30:00,11650.0
2020-05-16 23:30:00,6990.0
2020-05-17 00:30:00,3890.0
2020-05-17 01:30:00,1820.0
2020-05-17 02:30:00,1150.0
2020-05-17 03:30:00,560.0
2020-05-17 04:30:00,790.0
2020-05-17 05:30:00,2710.0
2020-05-17 06:30:00,3610.0
2020-05-17 07:30:00,8720.0
2020-05-17 08:30:00,5210.0
2020-05-17 09:30:00,10030.0
2020-05-17 10:30:00,14420.0
2020-05-17 11:30:00,13340.0
2020-05-17 12:30:00,6320.0
